"capture_at_ist","delivery_id","platform","post_url","published_at_ist","age_hours","metric_source","views","impressions","reach","external_meaningful_responses","distinct_external_participants","likes","saves","shares","profile_visits","link_clicks","link_click_method","attributed_first_opens","reader_activations","writer_activations","attribution_coverage","unavailable_reason","notes"
"2026-09-06T05:17:18.545Z","2609_d06_x_card_en_sprint2_am_start_with_one_paragraph","x","https://x.com/WritOn_Social/status/2096467751598690695","2026-09-06T05:17:18.545Z","0","initial_publish","0","0","0","0","0","0","0","0","0","0","not_tracked","0","0","0","100%","","Initial publish baseline"
"2026-09-06T07:23:45.063Z","2609_d06_ig_story_en_sprint2_midday_start_with_one_paragraph","ig","https://www.instagram.com/p/DdSuRFMiQia/","2026-09-06T07:23:45.063Z","0","initial_publish","0","0","0","0","0","0","0","0","0","0","not_tracked","0","0","0","100%","","Initial publish baseline"
"2026-09-06T15:20:37.186Z","2609_d06_ig_story_en_sprint2_evening_start_with_one_paragraph","ig","https://www.instagram.com/writon_socialapp/","2026-09-06T15:20:37.186Z","0","initial_publish","0","0","0","0","0","0","0","0","0","0","not_tracked","0","0","0","100%","","Initial publish baseline"
"2026-09-07T03:30:18.521Z","2609_d07_x_card_hi_sprint2_am_hindi_opening_line_prompt","x","https://x.com/WritOn_Social/status/2096803214641520801","2026-09-07T03:30:18.521Z","0","initial_publish","0","0","0","0","0","0","0","0","0","0","not_tracked","0","0","0","100%","","Initial publish baseline"
"2026-09-07T06:31:27.010Z","2609_d07_ig_story_hi_sprint2_midday_hindi_opening_line_prompt","ig","https://www.instagram.com/writon_socialapp/","2026-09-07T06:31:27.010Z","0","initial_publish","0","0","0","0","0","0","0","0","0","0","not_tracked","0","0","0","100%","","Initial publish baseline"
"2026-09-07T14:31:14.975Z","2609_d07_ig_card_hi_sprint2_main_hindi_opening_line_prompt","ig","https://www.instagram.com/writon_socialapp/","2026-09-07T14:31:14.975Z","0","initial_publish","0","0","0","0","0","0","0","0","0","0","not_tracked","0","0","0","100%","","Initial publish baseline"
"2026-09-07T15:17:32.051Z","2609_d07_x_card_hi_sprint2_pm_hindi_opening_line_prompt","x","https://x.com/WritOn_Social/status/2096981193854222574","2026-09-07T15:17:32.051Z","0","initial_publish","0","0","0","0","0","0","0","0","0","0","not_tracked","0","0","0","100%","","Initial publish baseline"
"2026-09-07T15:18:13.405Z","2609_d07_ig_story_hi_sprint2_evening_hindi_opening_line_prompt","ig","https://www.instagram.com/writon_socialapp/","2026-09-07T15:18:13.405Z","0","initial_publish","0","0","0","0","0","0","0","0","0","0","not_tracked","0","0","0","100%","","Initial publish baseline"
"2026-09-08T03:30:37.862Z","2609_d08_x_card_en_sprint2_am_show_emotion_through_action","x","https://x.com/WritOn_Social/status/2097165683037761885","2026-09-08T03:30:37.862Z","0","initial_publish","0","0","0","0","0","0","0","0","0","0","not_tracked","0","0","0","100%","","Initial publish baseline"
"2026-09-08T06:31:28.260Z","2609_d08_ig_story_en_sprint2_midday_show_emotion_through_action","ig","https://www.instagram.com/writon_socialapp/","2026-09-08T06:31:28.260Z","0","initial_publish","0","0","0","0","0","0","0","0","0","0","not_tracked","0","0","0","100%","","Initial publish baseline"
"2026-09-08T13:30:28.094Z","2609_d08_ig_carousel_en_sprint2_main_show_emotion_through_action","ig","https://www.instagram.com/writon_socialapp/","2026-09-08T13:30:28.094Z","0","initial_publish","0","0","0","0","0","0","0","0","0","0","not_tracked","0","0","0","100%","","Initial publish baseline"
"2026-09-08T14:00:28.283Z","2609_d08_ig_carousel_en_sprint2_main_show_emotion_through_action","ig","https://www.instagram.com/writon_socialapp/","2026-09-08T14:00:28.283Z","0","initial_publish","0","0","0","0","0","0","0","0","0","0","not_tracked","0","0","0","100%","","Initial publish baseline"
"2026-09-08T15:00:07.629Z","2609_d08_x_card_en_sprint2_pm_show_emotion_through_action","x","https://x.com/WritOn_Social/status/2097339199762706689","2026-09-08T15:00:07.629Z","0","initial_publish","0","0","0","0","0","0","0","0","0","0","not_tracked","0","0","0","100%","","Initial publish baseline"
"2026-09-08T15:15:39.791Z","2609_d08_ig_story_en_sprint2_evening_show_emotion_through_action","ig","https://www.instagram.com/writon_socialapp/","2026-09-08T15:15:39.791Z","0","initial_publish","0","0","0","0","0","0","0","0","0","0","not_tracked","0","0","0","100%","","Initial publish baseline"
"2026-09-09T03:30:20.851Z","2609_d09_x_card_mr_sprint2_am_marathi_memory_prompt","x","https://x.com/WritOn_Social/status/2097527988959289781","2026-09-09T03:30:20.851Z","0","initial_publish","0","0","0","0","0","0","0","0","0","0","not_tracked","0","0","0","100%","","Initial publish baseline"
"2026-09-09T06:30:36.403Z","2609_d06_x_card_en_sprint2_am_start_with_one_paragraph","x","https://x.com/WritOn_Social/status/2096467751598690695","2026-09-09T06:30:36.403Z","0","initial_publish","0","0","0","0","0","0","0","0","0","0","not_tracked","0","0","0","100%","","Initial publish baseline"
"2026-09-09T06:30:36.403Z","2609_d06_ig_story_en_sprint2_midday_start_with_one_paragraph","ig","https://www.instagram.com/writon_socialapp/","2026-09-09T06:30:36.403Z","0","initial_publish","0","0","0","0","0","0","0","0","0","0","not_tracked","0","0","0","100%","","Initial publish baseline"
"2026-09-09T06:30:36.403Z","2609_d06_ig_carousel_en_sprint2_main_start_with_one_paragraph","ig","https://www.instagram.com/writon_socialapp/","2026-09-09T06:30:36.403Z","0","initial_publish","0","0","0","0","0","0","0","0","0","0","not_tracked","0","0","0","100%","","Initial publish baseline"
"2026-09-09T06:30:36.403Z","2609_d06_x_card_en_sprint2_pm_start_with_one_paragraph","x","https://x.com/WritOn_Social/status/2096580999165694228","2026-09-09T06:30:36.403Z","0","initial_publish","0","0","0","0","0","0","0","0","0","0","not_tracked","0","0","0","100%","","Initial publish baseline"
"2026-09-09T06:30:36.403Z","2609_d06_ig_story_en_sprint2_evening_start_with_one_paragraph","ig","https://www.instagram.com/writon_socialapp/","2026-09-09T06:30:36.403Z","0","initial_publish","0","0","0","0","0","0","0","0","0","0","not_tracked","0","0","0","100%","","Initial publish baseline"
"2026-09-09T06:31:10.098Z","2609_d06_x_card_en_sprint2_am_start_with_one_paragraph","x","https://x.com/WritOn_Social/status/2096467751598690695","2026-09-09T06:31:10.098Z","0","initial_publish","0","0","0","0","0","0","0","0","0","0","not_tracked","0","0","0","100%","","Initial publish baseline"
"2026-09-09T06:31:10.098Z","2609_d06_ig_story_en_sprint2_midday_start_with_one_paragraph","ig","https://www.instagram.com/writon_socialapp/","2026-09-09T06:31:10.098Z","0","initial_publish","0","0","0","0","0","0","0","0","0","0","not_tracked","0","0","0","100%","","Initial publish baseline"
"2026-09-09T06:31:10.098Z","2609_d06_ig_carousel_en_sprint2_main_start_with_one_paragraph","ig","https://www.instagram.com/writon_socialapp/","2026-09-09T06:31:10.098Z","0","initial_publish","0","0","0","0","0","0","0","0","0","0","not_tracked","0","0","0","100%","","Initial publish baseline"
"2026-09-09T06:31:10.098Z","2609_d06_x_card_en_sprint2_pm_start_with_one_paragraph","x","https://x.com/WritOn_Social/status/2096580999165694228","2026-09-09T06:31:10.098Z","0","initial_publish","0","0","0","0","0","0","0","0","0","0","not_tracked","0","0","0","100%","","Initial publish baseline"
"2026-09-09T06:31:10.098Z","2609_d06_ig_story_en_sprint2_evening_start_with_one_paragraph","ig","https://www.instagram.com/writon_socialapp/","2026-09-09T06:31:10.098Z","0","initial_publish","0","0","0","0","0","0","0","0","0","0","not_tracked","0","0","0","100%","","Initial publish baseline"
"2026-09-09T06:31:13.609Z","2609_d09_x_card_mr_sprint2_am_marathi_memory_prompt","x","https://x.com/WritOn_Social/status/2097527988959289781","2026-09-09T06:31:13.609Z","0","initial_publish","0","0","0","0","0","0","0","0","0","0","not_tracked","0","0","0","100%","","Initial publish baseline"
"2026-09-09T07:00:23.495Z","2609_d09_ig_story_hi_sprint2_midday_memory_poll","ig","https://www.instagram.com/writon_socialapp/","2026-09-09T07:00:23.495Z","0","initial_publish","0","0","0","0","0","0","0","0","0","0","not_tracked","0","0","0","100%","","Initial publish baseline"
"2026-09-09T14:25:59.420Z","2609_d09_ig_card_en_sprint2_main_sensory_detail","ig","https://www.instagram.com/writon_socialapp/","2026-09-09T14:25:59.420Z","0","initial_publish","0","0","0","0","0","0","0","0","0","0","not_tracked","0","0","0","100%","","Initial publish baseline"
"2026-09-09T15:00:11.563Z","2609_d09_x_card_hi_sprint2_pm_sensory_anchor","x","https://x.com/WritOn_Social/status/2097701604581573033","2026-09-09T15:00:11.563Z","0","initial_publish","0","0","0","0","0","0","0","0","0","0","not_tracked","0","0","0","100%","","Initial publish baseline"
"2026-09-09T15:15:37.598Z","2609_d09_ig_story_hi_sprint2_evening_reflection","ig","https://www.instagram.com/writon_socialapp/","2026-09-09T15:15:37.598Z","0","initial_publish","0","0","0","0","0","0","0","0","0","0","not_tracked","0","0","0","100%","","Initial publish baseline"
"2026-09-09T16:15:04.196Z","2609_d06_x_card_en_sprint2_am_start_with_one_paragraph","x","https://x.com/WritOn_Social/status/2096467751598690695","2026-09-09T16:15:04.196Z","0","initial_publish","0","0","0","0","0","0","0","0","0","0","not_tracked","0","0","0","100%","","Initial publish baseline"
"2026-09-09T16:15:04.196Z","2609_d06_ig_story_en_sprint2_midday_start_with_one_paragraph","ig","https://www.instagram.com/writon_socialapp/","2026-09-09T16:15:04.196Z","0","initial_publish","0","0","0","0","0","0","0","0","0","0","not_tracked","0","0","0","100%","","Initial publish baseline"
"2026-09-09T16:15:04.196Z","2609_d06_ig_carousel_en_sprint2_main_start_with_one_paragraph","ig","https://www.instagram.com/writon_socialapp/","2026-09-09T16:15:04.196Z","0","initial_publish","0","0","0","0","0","0","0","0","0","0","not_tracked","0","0","0","100%","","Initial publish baseline"
"2026-09-09T16:15:04.196Z","2609_d06_x_card_en_sprint2_pm_start_with_one_paragraph","x","https://x.com/WritOn_Social/status/2096580999165694228","2026-09-09T16:15:04.196Z","0","initial_publish","0","0","0","0","0","0","0","0","0","0","not_tracked","0","0","0","100%","","Initial publish baseline"
"2026-09-09T16:15:04.196Z","2609_d06_ig_story_en_sprint2_evening_start_with_one_paragraph","ig","https://www.instagram.com/writon_socialapp/","2026-09-09T16:15:04.196Z","0","initial_publish","0","0","0","0","0","0","0","0","0","0","not_tracked","0","0","0","100%","","Initial publish baseline"
"2026-09-09T17:11:14.405Z","2609_d10_x_card_en_sprint2_am_opening_line_lab","x","https://x.com/WritOn_Social/status/2097733804899418300","2026-09-09T17:11:14.405Z","0","initial_publish","0","0","0","0","0","0","0","0","0","0","not_tracked","0","0","0","100%","","Initial publish baseline"
"2026-09-09T17:11:14.406Z","2609_d10_ig_story_en_sprint2_midday_opening_line_lab","ig","https://www.instagram.com/writon_socialapp/","2026-09-09T17:11:14.406Z","0","initial_publish","0","0","0","0","0","0","0","0","0","0","not_tracked","0","0","0","100%","","Initial publish baseline"
"2026-09-09T17:11:14.406Z","2609_d10_ig_carousel_en_sprint2_main_opening_line_lab","ig","https://www.instagram.com/writon_socialapp/","2026-09-09T17:11:14.406Z","0","initial_publish","0","0","0","0","0","0","0","0","0","0","not_tracked","0","0","0","100%","","Initial publish baseline"
"2026-09-09T17:11:14.406Z","2609_d10_x_card_en_sprint2_pm_opening_line_lab","x","https://x.com/WritOn_Social/status/2097733986827321821","2026-09-09T17:11:14.406Z","0","initial_publish","0","0","0","0","0","0","0","0","0","0","not_tracked","0","0","0","100%","","Initial publish baseline"
"2026-09-09T17:26:00.497Z","2609_d10_ig_story_en_sprint2_evening_opening_line_lab","ig","https://www.instagram.com/writon_socialapp/","2026-09-09T17:26:00.497Z","0","initial_publish","0","0","0","0","0","0","0","0","0","0","not_tracked","0","0","0","100%","","Initial publish baseline"
"","","","","","","api_fetch","","","","","","","","","","","","","","","","","2026-09-10T04:21:11.997Z","2609_d06_x_card_en_sprint2_am_start_with_one_paragraph","x","https://x.com/WritOn_Social/status/2096467751598690695","2026-09-10T04:21:11.997Z","0","initial_publish","0","0","0","0","0","0","0","0","0","0","not_tracked","0","0","0","100%","","Initial publish baseline"
"2026-09-10T04:21:11.997Z","2609_d06_ig_story_en_sprint2_midday_start_with_one_paragraph","ig","https://www.instagram.com/writon_socialapp/","2026-09-10T04:21:11.997Z","0","initial_publish","0","0","0","0","0","0","0","0","0","0","not_tracked","0","0","0","100%","","Initial publish baseline"
"2026-09-10T04:21:11.997Z","2609_d06_ig_carousel_en_sprint2_main_start_with_one_paragraph","ig","https://www.instagram.com/writon_socialapp/","2026-09-10T04:21:11.997Z","0","initial_publish","0","0","0","0","0","0","0","0","0","0","not_tracked","0","0","0","100%","","Initial publish baseline"
"2026-09-10T04:21:11.997Z","2609_d06_x_card_en_sprint2_pm_start_with_one_paragraph","x","https://x.com/WritOn_Social/status/2096580999165694228","2026-09-10T04:21:11.997Z","0","initial_publish","0","0","0","0","0","0","0","0","0","0","not_tracked","0","0","0","100%","","Initial publish baseline"
"2026-09-10T04:21:11.997Z","2609_d06_ig_story_en_sprint2_evening_start_with_one_paragraph","ig","https://www.instagram.com/writon_socialapp/","2026-09-10T04:21:11.997Z","0","initial_publish","0","0","0","0","0","0","0","0","0","0","not_tracked","0","0","0","100%","","Initial publish baseline"
"2026-09-10T04:45:05.638Z","2609_d06_x_card_en_sprint2_am_start_with_one_paragraph","x","https://x.com/WritOn_Social/status/2096467751598690695","2026-09-10T04:45:05.638Z","0","initial_publish","0","0","0","0","0","0","0","0","0","0","not_tracked","0","0","0","100%","","Initial publish baseline"
"2026-09-10T04:45:05.638Z","2609_d06_ig_story_en_sprint2_midday_start_with_one_paragraph","ig","https://www.instagram.com/writon_socialapp/","2026-09-10T04:45:05.638Z","0","initial_publish","0","0","0","0","0","0","0","0","0","0","not_tracked","0","0","0","100%","","Initial publish baseline"
"2026-09-10T04:45:05.638Z","2609_d06_ig_carousel_en_sprint2_main_start_with_one_paragraph","ig","https://www.instagram.com/writon_socialapp/","2026-09-10T04:45:05.638Z","0","initial_publish","0","0","0","0","0","0","0","0","0","0","not_tracked","0","0","0","100%","","Initial publish baseline"
"2026-09-10T04:45:05.638Z","2609_d06_x_card_en_sprint2_pm_start_with_one_paragraph","x","https://x.com/WritOn_Social/status/2096580999165694228","2026-09-10T04:45:05.638Z","0","initial_publish","0","0","0","0","0","0","0","0","0","0","not_tracked","0","0","0","100%","","Initial publish baseline"
"2026-09-10T04:45:05.638Z","2609_d06_ig_story_en_sprint2_evening_start_with_one_paragraph","ig","https://www.instagram.com/writon_socialapp/","2026-09-10T04:45:05.638Z","0","initial_publish","0","0","0","0","0","0","0","0","0","0","not_tracked","0","0","0","100%","","Initial publish baseline"
"2026-09-10T06:45:27.391Z","2609_d06_x_card_en_sprint2_am_start_with_one_paragraph","x","https://x.com/WritOn_Social/status/2096467751598690695","2026-09-10T06:45:27.391Z","0","initial_publish","0","0","0","0","0","0","0","0","0","0","not_tracked","0","0","0","100%","","Initial publish baseline"
"2026-09-10T06:45:27.391Z","2609_d06_ig_story_en_sprint2_midday_start_with_one_paragraph","ig","https://www.instagram.com/writon_socialapp/","2026-09-10T06:45:27.391Z","0","initial_publish","0","0","0","0","0","0","0","0","0","0","not_tracked","0","0","0","100%","","Initial publish baseline"
"2026-09-10T06:45:27.391Z","2609_d06_ig_carousel_en_sprint2_main_start_with_one_paragraph","ig","https://www.instagram.com/writon_socialapp/","2026-09-10T06:45:27.391Z","0","initial_publish","0","0","0","0","0","0","0","0","0","0","not_tracked","0","0","0","100%","","Initial publish baseline"
"2026-09-10T06:45:27.391Z","2609_d06_x_card_en_sprint2_pm_start_with_one_paragraph","x","https://x.com/WritOn_Social/status/2096580999165694228","2026-09-10T06:45:27.391Z","0","initial_publish","0","0","0","0","0","0","0","0","0","0","not_tracked","0","0","0","100%","","Initial publish baseline"
"2026-09-10T06:45:27.391Z","2609_d06_ig_story_en_sprint2_evening_start_with_one_paragraph","ig","https://www.instagram.com/writon_socialapp/","2026-09-10T06:45:27.391Z","0","initial_publish","0","0","0","0","0","0","0","0","0","0","not_tracked","0","0","0","100%","","Initial publish baseline"
"2026-09-10T07:00:53.891Z","2609_d06_x_card_en_sprint2_am_start_with_one_paragraph","x","https://x.com/WritOn_Social/status/2096467751598690695","2026-09-10T07:00:53.891Z","0","initial_publish","0","0","0","0","0","0","0","0","0","0","not_tracked","0","0","0","100%","","Initial publish baseline"
"2026-09-10T07:00:53.891Z","2609_d06_ig_story_en_sprint2_midday_start_with_one_paragraph","ig","https://www.instagram.com/writon_socialapp/","2026-09-10T07:00:53.891Z","0","initial_publish","0","0","0","0","0","0","0","0","0","0","not_tracked","0","0","0","100%","","Initial publish baseline"
"2026-09-10T07:00:53.891Z","2609_d06_ig_carousel_en_sprint2_main_start_with_one_paragraph","ig","https://www.instagram.com/writon_socialapp/","2026-09-10T07:00:53.891Z","0","initial_publish","0","0","0","0","0","0","0","0","0","0","not_tracked","0","0","0","100%","","Initial publish baseline"
"2026-09-10T07:00:53.891Z","2609_d06_x_card_en_sprint2_pm_start_with_one_paragraph","x","https://x.com/WritOn_Social/status/2096580999165694228","2026-09-10T07:00:53.891Z","0","initial_publish","0","0","0","0","0","0","0","0","0","0","not_tracked","0","0","0","100%","","Initial publish baseline"
"2026-09-10T07:00:53.891Z","2609_d06_ig_story_en_sprint2_evening_start_with_one_paragraph","ig","https://www.instagram.com/writon_socialapp/","2026-09-10T07:00:53.891Z","0","initial_publish","0","0","0","0","0","0","0","0","0","0","not_tracked","0","0","0","100%","","Initial publish baseline"
"2026-09-10T07:15:36.747Z","2609_d06_x_card_en_sprint2_am_start_with_one_paragraph","x","https://x.com/WritOn_Social/status/2096467751598690695","2026-09-10T07:15:36.747Z","0","initial_publish","0","0","0","0","0","0","0","0","0","0","not_tracked","0","0","0","100%","","Initial publish baseline"
"2026-09-10T07:15:36.748Z","2609_d06_ig_story_en_sprint2_midday_start_with_one_paragraph","ig","https://www.instagram.com/writon_socialapp/","2026-09-10T07:15:36.748Z","0","initial_publish","0","0","0","0","0","0","0","0","0","0","not_tracked","0","0","0","100%","","Initial publish baseline"
"2026-09-10T07:15:36.748Z","2609_d06_ig_carousel_en_sprint2_main_start_with_one_paragraph","ig","https://www.instagram.com/writon_socialapp/","2026-09-10T07:15:36.748Z","0","initial_publish","0","0","0","0","0","0","0","0","0","0","not_tracked","0","0","0","100%","","Initial publish baseline"
"2026-09-10T07:15:36.748Z","2609_d06_x_card_en_sprint2_pm_start_with_one_paragraph","x","https://x.com/WritOn_Social/status/2096580999165694228","2026-09-10T07:15:36.748Z","0","initial_publish","0","0","0","0","0","0","0","0","0","0","not_tracked","0","0","0","100%","","Initial publish baseline"
"2026-09-10T07:15:36.748Z","2609_d06_ig_story_en_sprint2_evening_start_with_one_paragraph","ig","https://www.instagram.com/writon_socialapp/","2026-09-10T07:15:36.748Z","0","initial_publish","0","0","0","0","0","0","0","0","0","0","not_tracked","0","0","0","100%","","Initial publish baseline"
"2026-09-10T07:16:06.600Z","2609_d10_ig_story_en_sprint2_midday_opening_line_lab","ig","https://www.instagram.com/writon_socialapp/","2026-09-10T07:16:06.600Z","0","initial_publish","0","0","0","0","0","0","0","0","0","0","not_tracked","0","0","0","100%","","Initial publish baseline"
"2026-09-10T07:30:10.506Z","2609_d10_x_card_en_sprint2_am_opening_line_lab","x","https://x.com/WritOn_Social/status/2097733804899418300","2026-09-10T07:30:10.506Z","0","initial_publish","0","0","0","0","0","0","0","0","0","0","not_tracked","0","0","0","100%","","Initial publish baseline"
"2026-09-10T07:30:10.506Z","2609_d10_ig_story_en_sprint2_midday_opening_line_lab","ig","https://www.instagram.com/writon_socialapp/","2026-09-10T07:30:10.506Z","0","initial_publish","0","0","0","0","0","0","0","0","0","0","not_tracked","0","0","0","100%","","Initial publish baseline"
"2026-09-10T07:30:10.506Z","2609_d10_ig_carousel_en_sprint2_main_opening_line_lab","ig","https://www.instagram.com/writon_socialapp/","2026-09-10T07:30:10.506Z","0","initial_publish","0","0","0","0","0","0","0","0","0","0","not_tracked","0","0","0","100%","","Initial publish baseline"
"2026-09-10T07:30:10.506Z","2609_d10_x_card_en_sprint2_pm_opening_line_lab","x","https://x.com/WritOn_Social/status/2097733986827321821","2026-09-10T07:30:10.506Z","0","initial_publish","0","0","0","0","0","0","0","0","0","0","not_tracked","0","0","0","100%","","Initial publish baseline"
"2026-09-10T07:30:10.506Z","2609_d10_ig_story_en_sprint2_evening_opening_line_lab","ig","https://www.instagram.com/writon_socialapp/","2026-09-10T07:30:10.506Z","0","initial_publish","0","0","0","0","0","0","0","0","0","0","not_tracked","0","0","0","100%","","Initial publish baseline"
"2026-09-10T14:24:46.984Z","2609_d10_x_card_en_sprint2_am_opening_line_lab","x","https://x.com/WritOn_Social/status/2098055081929412828","2026-09-10T14:24:46.984Z","0","initial_publish","0","0","0","0","0","0","0","0","0","0","not_tracked","0","0","0","100%","","Initial publish baseline"
"2026-09-10T14:25:13.800Z","2609_d10_ig_story_en_sprint2_midday_opening_line_lab","ig","https://www.instagram.com/writon_socialapp/","2026-09-10T14:25:13.800Z","0","initial_publish","0","0","0","0","0","0","0","0","0","0","not_tracked","0","0","0","100%","","Initial publish baseline"
"2026-09-10T14:25:38.652Z","2609_d10_ig_carousel_en_sprint2_main_opening_line_lab","ig","https://www.instagram.com/writon_socialapp/","2026-09-10T14:25:38.652Z","0","initial_publish","0","0","0","0","0","0","0","0","0","0","not_tracked","0","0","0","100%","","Initial publish baseline"
"2026-09-10T14:26:08.833Z","2609_d10_x_card_en_sprint2_pm_opening_line_lab","x","https://x.com/WritOn_Social/status/2098055424759267773","2026-09-10T14:26:08.833Z","0","initial_publish","0","0","0","0","0","0","0","0","0","0","not_tracked","0","0","0","100%","","Initial publish baseline"
"2026-09-10T14:26:42.775Z","2609_d10_ig_story_en_sprint2_evening_opening_line_lab","ig","https://www.instagram.com/writon_socialapp/","2026-09-10T14:26:42.775Z","0","initial_publish","0","0","0","0","0","0","0","0","0","0","not_tracked","0","0","0","100%","","Initial publish baseline"
"2026-09-10T14:30:07.460Z","2609_d10_x_card_en_sprint2_am_opening_line_lab","x","https://x.com/WritOn_Social/status/2098055081929412828","2026-09-10T14:30:07.460Z","0","initial_publish","0","0","0","0","0","0","0","0","0","0","not_tracked","0","0","0","100%","","Initial publish baseline"
"2026-09-10T14:30:07.460Z","2609_d10_ig_story_en_sprint2_midday_opening_line_lab","ig","https://www.instagram.com/writon_socialapp/","2026-09-10T14:30:07.460Z","0","initial_publish","0","0","0","0","0","0","0","0","0","0","not_tracked","0","0","0","100%","","Initial publish baseline"
"2026-09-10T14:30:07.460Z","2609_d10_ig_carousel_en_sprint2_main_opening_line_lab","ig","https://www.instagram.com/writon_socialapp/","2026-09-10T14:30:07.460Z","0","initial_publish","0","0","0","0","0","0","0","0","0","0","not_tracked","0","0","0","100%","","Initial publish baseline"
"2026-09-10T14:30:07.460Z","2609_d10_x_card_en_sprint2_pm_opening_line_lab","x","https://x.com/WritOn_Social/status/2098055424759267773","2026-09-10T14:30:07.460Z","0","initial_publish","0","0","0","0","0","0","0","0","0","0","not_tracked","0","0","0","100%","","Initial publish baseline"
"2026-09-10T14:30:07.460Z","2609_d10_ig_story_en_sprint2_evening_opening_line_lab","ig","https://www.instagram.com/writon_socialapp/","2026-09-10T14:30:07.460Z","0","initial_publish","0","0","0","0","0","0","0","0","0","0","not_tracked","0","0","0","100%","","Initial publish baseline"
"2026-09-10T15:00:18.610Z","2609_d10_x_card_en_sprint2_am_opening_line_lab","x","https://x.com/WritOn_Social/status/2098055081929412828","2026-09-10T15:00:18.610Z","0","initial_publish","0","0","0","0","0","0","0","0","0","0","not_tracked","0","0","0","100%","","Initial publish baseline"
"2026-09-10T15:00:18.611Z","2609_d10_ig_story_en_sprint2_midday_opening_line_lab","ig","https://www.instagram.com/writon_socialapp/","2026-09-10T15:00:18.611Z","0","initial_publish","0","0","0","0","0","0","0","0","0","0","not_tracked","0","0","0","100%","","Initial publish baseline"
"2026-09-10T15:00:18.611Z","2609_d10_ig_carousel_en_sprint2_main_opening_line_lab","ig","https://www.instagram.com/writon_socialapp/","2026-09-10T15:00:18.611Z","0","initial_publish","0","0","0","0","0","0","0","0","0","0","not_tracked","0","0","0","100%","","Initial publish baseline"
"2026-09-10T15:00:18.611Z","2609_d10_x_card_en_sprint2_pm_opening_line_lab","x","https://x.com/WritOn_Social/status/2098055424759267773","2026-09-10T15:00:18.611Z","0","initial_publish","0","0","0","0","0","0","0","0","0","0","not_tracked","0","0","0","100%","","Initial publish baseline"
"2026-09-10T15:00:18.611Z","2609_d10_ig_story_en_sprint2_evening_opening_line_lab","ig","https://www.instagram.com/writon_socialapp/","2026-09-10T15:00:18.611Z","0","initial_publish","0","0","0","0","0","0","0","0","0","0","not_tracked","0","0","0","100%","","Initial publish baseline"
"2026-09-11T03:30:13.353Z","2609_d11_x_card_en_sprint2_am_reader_preferences","x","https://x.com/WritOn_Social/status/2098252734093021322","2026-09-11T03:30:13.353Z","0","initial_publish","0","0","0","0","0","0","0","0","0","0","not_tracked","0","0","0","100%","","Initial publish baseline"
"2026-09-11T07:31:35.060Z","2609_d11_ig_story_en_sprint2_midday_reader_preferences","ig","https://www.instagram.com/writon_socialapp/","2026-09-11T07:31:35.060Z","0","initial_publish","0","0","0","0","0","0","0","0","0","0","not_tracked","0","0","0","100%","","Initial publish baseline"
"2026-09-11T14:00:41.725Z","2609_d11_ig_carousel_en_sprint2_main_reader_preferences","ig","https://www.instagram.com/writon_socialapp/","2026-09-11T14:00:41.725Z","0","initial_publish","0","0","0","0","0","0","0","0","0","0","not_tracked","0","0","0","100%","","Initial publish baseline"
"2026-09-11T15:00:30.426Z","2609_d11_x_card_en_sprint2_pm_reader_preferences","x","https://x.com/WritOn_Social/status/2098426356908659026","2026-09-11T15:00:30.426Z","0","initial_publish","0","0","0","0","0","0","0","0","0","0","not_tracked","0","0","0","100%","","Initial publish baseline"
"2026-09-11T15:15:36.543Z","2609_d11_ig_story_en_sprint2_evening_reader_preferences","ig","https://www.instagram.com/writon_socialapp/","2026-09-11T15:15:36.543Z","0","initial_publish","0","0","0","0","0","0","0","0","0","0","not_tracked","0","0","0","100%","","Initial publish baseline"
"2026-09-12T03:52:42.691Z","2609_d12_x_card_en_sprint2_am_week_one_practice_recap","x","https://x.com/WritOn_Social/status/2098620697757339892","2026-09-12T03:52:42.691Z","0","initial_publish","0","0","0","0","0","0","0","0","0","0","not_tracked","0","0","0","100%","","Initial publish baseline"
"2026-09-12T04:00:19.797Z","The Pen Name Landgrab","x","https://x.com/WritOn_Social/status/2095022007876464743","","","harvest_agent","10","10","0","0","0","1","0","0","0","0","not_tracked","0","0","0","100%","","Harvested via X API v2"
"2026-09-12T04:00:19.797Z","The Pen Name Landgrab","ig","https://www.instagram.com/p/DcxaAOzFK2R/","","","harvest_agent","0","0","9","0","0","7","0","0","0","0","not_tracked","0","0","0","100%","","Harvested via Instagram Graph API"
"2026-09-12T04:00:19.797Z","The Notes App Graveyard","x","https://x.com/WritOn_Social/status/2095161124379652420","","","harvest_agent","12","12","0","0","0","1","0","0","0","0","not_tracked","0","0","0","100%","","Harvested via X API v2"
"2026-09-12T04:00:19.797Z","The Notes App Graveyard","ig","https://www.instagram.com/p/DcyfcfYGoX_/","","","harvest_agent","0","0","5","0","0","1","0","0","0","0","not_tracked","0","0","0","100%","","Harvested via Instagram Graph API"
"2026-09-12T04:00:19.797Z","The Golden Window (FOMO Edition)","x","https://x.com/WritOn_Social/status/2095963606554943960","","","harvest_agent","17","17","0","0","0","0","0","0","0","0","not_tracked","0","0","0","100%","","Harvested via X API v2"
"2026-09-12T04:00:19.797Z","Author Spotlight: Devansh Roy","x","https://x.com/WritOn_Social/status/2096080964791459895","","","harvest_agent","9","9","0","0","0","0","0","0","0","0","not_tracked","0","0","0","100%","","Harvested via X API v2"
"2026-09-12T04:03:10.882Z","The Pen Name Landgrab","x","https://x.com/WritOn_Social/status/2095022007876464743","","","harvest_agent","10","10","0","0","0","1","0","0","0","0","not_tracked","0","0","0","100%","","Harvested via X API v2"
"2026-09-12T04:03:10.882Z","The Pen Name Landgrab","ig","https://www.instagram.com/p/DcxaAOzFK2R/","","","harvest_agent","0","0","9","0","0","7","0","0","0","0","not_tracked","0","0","0","100%","","Harvested via Instagram Graph API"
"2026-09-12T04:03:10.882Z","The Notes App Graveyard","x","https://x.com/WritOn_Social/status/2095161124379652420","","","harvest_agent","12","12","0","0","0","1","0","0","0","0","not_tracked","0","0","0","100%","","Harvested via X API v2"
"2026-09-12T04:03:10.882Z","The Notes App Graveyard","ig","https://www.instagram.com/p/DcyfcfYGoX_/","","","harvest_agent","0","0","5","0","0","1","0","0","0","0","not_tracked","0","0","0","100%","","Harvested via Instagram Graph API"
"2026-09-12T04:03:10.882Z","The Golden Window (FOMO Edition)","x","https://x.com/WritOn_Social/status/2095963606554943960","","","harvest_agent","17","17","0","0","0","0","0","0","0","0","not_tracked","0","0","0","100%","","Harvested via X API v2"
"2026-09-12T04:03:10.882Z","Author Spotlight: Devansh Roy","x","https://x.com/WritOn_Social/status/2096080964791459895","","","harvest_agent","9","9","0","0","0","0","0","0","0","0","not_tracked","0","0","0","100%","","Harvested via X API v2"
"2026-09-12T04:03:10.882Z","2609_d07_x_card_hi_sprint2_am_hindi_opening_line_prompt","x","https://x.com/WritOn_Social/status/2096803214641520801","","","harvest_agent","15","15","0","0","0","1","0","1","0","0","not_tracked","0","0","0","100%","","Harvested via X API v2"
"2026-09-12T04:03:10.882Z","2609_d07_x_card_hi_sprint2_pm_hindi_opening_line_prompt","x","https://x.com/WritOn_Social/status/2096981193854222574","","","harvest_agent","14","14","0","0","0","0","0","0","0","0","not_tracked","0","0","0","100%","","Harvested via X API v2"
"2026-09-12T04:03:10.882Z","2609_d08_x_card_en_sprint2_am_show_emotion_through_action","x","https://x.com/WritOn_Social/status/2097165683037761885","","","harvest_agent","10","10","0","0","0","0","0","0","0","0","not_tracked","0","0","0","100%","","Harvested via X API v2"
"2026-09-12T04:03:10.882Z","2609_d08_x_card_en_sprint2_pm_show_emotion_through_action","x","https://x.com/WritOn_Social/status/2097339199762706689","","","harvest_agent","10","10","0","0","0","0","0","0","0","0","not_tracked","0","0","0","100%","","Harvested via X API v2"
"2026-09-12T04:03:10.882Z","2609_d09_ig_card_en_sprint2_main_sensory_detail","linkedin","https://www.linkedin.com/feed/update/urn:li:share:7503458693561151488","","","harvest_agent","0","0","0","0","0","0","0","0","0","0","not_tracked","0","0","0","100%","","Tracked via LinkedIn Share URN"
"2026-09-12T04:03:10.882Z","2609_d09_x_card_hi_sprint2_pm_sensory_anchor","x","https://x.com/WritOn_Social/status/2097701604581573033","","","harvest_agent","4","4","0","0","0","0","0","0","0","0","not_tracked","0","0","0","100%","","Harvested via X API v2"
"2026-09-12T04:03:10.882Z","2609_d10_ig_carousel_en_sprint2_main_opening_line_lab","ig","https://www.instagram.com/p/DdEwzRgI446/","","","harvest_agent","0","0","3","0","0","2","0","0","0","0","not_tracked","0","0","0","100%","","Harvested via Instagram Graph API"
"2026-09-12T04:03:10.882Z","2609_d11_x_card_en_sprint2_am_reader_preferences","x","https://x.com/WritOn_Social/status/2098252734093021322","","","harvest_agent","17","17","0","0","0","1","0","0","0","0","not_tracked","0","0","0","100%","","Harvested via X API v2"
"2026-09-12T04:03:10.882Z","2609_d11_x_card_en_sprint2_am_reader_preferences","linkedin","https://www.linkedin.com/feed/update/urn:li:share:7504018434989522944","","","harvest_agent","0","0","0","0","0","0","0","0","0","0","not_tracked","0","0","0","100%","","Tracked via LinkedIn Share URN"
"2026-09-12T04:03:10.882Z","2609_d11_ig_story_en_sprint2_midday_reader_preferences","ig","https://www.instagram.com/writon_socialapp/","","","harvest_agent","0","0","5","0","0","0","0","0","0","0","not_tracked","0","0","0","100%","","Harvested via Instagram Graph API"
"2026-09-12T04:03:10.882Z","2609_d11_ig_carousel_en_sprint2_main_reader_preferences","ig","https://www.instagram.com/writon_socialapp/","","","harvest_agent","0","0","0","0","0","0","0","0","0","0","not_tracked","0","0","0","100%","","Harvested via Instagram Graph API"
"2026-09-12T04:03:10.882Z","2609_d11_ig_carousel_en_sprint2_main_reader_preferences","linkedin","https://www.linkedin.com/feed/update/urn:li:share:7504177098081652736","","","harvest_agent","0","0","0","0","0","0","0","0","0","0","not_tracked","0","0","0","100%","","Tracked via LinkedIn Share URN"
"2026-09-12T04:03:10.882Z","2609_d11_x_card_en_sprint2_pm_reader_preferences","x","https://x.com/WritOn_Social/status/2098426356908659026","","","harvest_agent","3","3","0","0","0","0","0","0","0","0","not_tracked","0","0","0","100%","","Harvested via X API v2"
"2026-09-12T04:03:10.882Z","2609_d11_x_card_en_sprint2_pm_reader_preferences","linkedin","https://www.linkedin.com/feed/update/urn:li:share:7504192148800520196","","","harvest_agent","0","0","0","0","0","0","0","0","0","0","not_tracked","0","0","0","100%","","Tracked via LinkedIn Share URN"
"2026-09-12T04:03:10.882Z","2609_d12_x_card_en_sprint2_am_week_one_practice_recap","x","https://x.com/WritOn_Social/status/2098620697757339892","","","harvest_agent","1","1","0","0","0","0","0","0","0","0","not_tracked","0","0","0","100%","","Harvested via X API v2"
"2026-09-12T04:03:10.882Z","2609_d12_x_card_en_sprint2_am_week_one_practice_recap","linkedin","https://www.linkedin.com/feed/update/urn:li:share:7504386481642381312","","","harvest_agent","0","0","0","0","0","0","0","0","0","0","not_tracked","0","0","0","100%","","Tracked via LinkedIn Share URN"
"2026-09-12T07:01:16.380Z","2609_d12_ig_story_en_sprint2_midday_week_one_practice_recap","ig","https://www.instagram.com/writon_socialapp/","2026-09-12T07:01:16.380Z","0","initial_publish","0","0","0","0","0","0","0","0","0","0","not_tracked","0","0","0","100%","","Initial publish baseline"
"2026-09-12T07:52:47.938Z","The Pen Name Landgrab","x","https://x.com/WritOn_Social/status/2095022007876464743","","","harvest_agent","10","10","0","0","0","1","0","0","0","0","not_tracked","0","0","0","100%","","Harvested via X API v2"
"2026-09-12T07:52:47.938Z","The Pen Name Landgrab","ig","https://www.instagram.com/p/DcxaAOzFK2R/","","","harvest_agent","0","0","9","0","0","7","0","0","0","0","not_tracked","0","0","0","100%","","Harvested via Instagram Graph API"
"2026-09-12T07:52:47.938Z","The Notes App Graveyard","x","https://x.com/WritOn_Social/status/2095161124379652420","","","harvest_agent","12","12","0","0","0","1","0","0","0","0","not_tracked","0","0","0","100%","","Harvested via X API v2"
"2026-09-12T07:52:47.938Z","The Notes App Graveyard","ig","https://www.instagram.com/p/DcyfcfYGoX_/","","","harvest_agent","0","0","5","0","0","1","0","0","0","0","not_tracked","0","0","0","100%","","Harvested via Instagram Graph API"
"2026-09-12T07:52:47.938Z","The Golden Window (FOMO Edition)","x","https://x.com/WritOn_Social/status/2095963606554943960","","","harvest_agent","17","17","0","0","0","0","0","0","0","0","not_tracked","0","0","0","100%","","Harvested via X API v2"
"2026-09-12T07:52:47.938Z","Author Spotlight: Devansh Roy","x","https://x.com/WritOn_Social/status/2096080964791459895","","","harvest_agent","9","9","0","0","0","0","0","0","0","0","not_tracked","0","0","0","100%","","Harvested via X API v2"
"2026-09-12T07:52:47.938Z","2609_d07_x_card_hi_sprint2_am_hindi_opening_line_prompt","x","https://x.com/WritOn_Social/status/2096803214641520801","","","harvest_agent","15","15","0","0","0","1","0","1","0","0","not_tracked","0","0","0","100%","","Harvested via X API v2"
"2026-09-12T07:52:47.938Z","2609_d07_x_card_hi_sprint2_pm_hindi_opening_line_prompt","x","https://x.com/WritOn_Social/status/2096981193854222574","","","harvest_agent","14","14","0","0","0","0","0","0","0","0","not_tracked","0","0","0","100%","","Harvested via X API v2"
"2026-09-12T07:52:47.938Z","2609_d08_x_card_en_sprint2_am_show_emotion_through_action","x","https://x.com/WritOn_Social/status/2097165683037761885","","","harvest_agent","10","10","0","0","0","0","0","0","0","0","not_tracked","0","0","0","100%","","Harvested via X API v2"
"2026-09-12T07:52:47.938Z","2609_d08_x_card_en_sprint2_pm_show_emotion_through_action","x","https://x.com/WritOn_Social/status/2097339199762706689","","","harvest_agent","10","10","0","0","0","0","0","0","0","0","not_tracked","0","0","0","100%","","Harvested via X API v2"
"2026-09-12T07:52:47.938Z","2609_d09_ig_card_en_sprint2_main_sensory_detail","linkedin","https://www.linkedin.com/feed/update/urn:li:share:7503458693561151488","","","harvest_agent","0","0","0","0","0","0","0","0","0","0","not_tracked","0","0","0","100%","","Tracked via LinkedIn Share URN"
"2026-09-12T07:52:47.938Z","2609_d09_x_card_hi_sprint2_pm_sensory_anchor","x","https://x.com/WritOn_Social/status/2097701604581573033","","","harvest_agent","4","4","0","0","0","0","0","0","0","0","not_tracked","0","0","0","100%","","Harvested via X API v2"
"2026-09-12T07:52:47.938Z","2609_d10_ig_carousel_en_sprint2_main_opening_line_lab","ig","https://www.instagram.com/p/DdEwzRgI446/","","","harvest_agent","0","0","3","0","0","2","0","0","0","0","not_tracked","0","0","0","100%","","Harvested via Instagram Graph API"
"2026-09-12T07:52:47.938Z","2609_d11_x_card_en_sprint2_am_reader_preferences","x","https://x.com/WritOn_Social/status/2098252734093021322","","","harvest_agent","18","18","0","0","0","1","0","0","0","0","not_tracked","0","0","0","100%","","Harvested via X API v2"
"2026-09-12T07:52:47.938Z","2609_d11_x_card_en_sprint2_am_reader_preferences","linkedin","https://www.linkedin.com/feed/update/urn:li:share:7504018434989522944","","","harvest_agent","0","0","0","0","0","0","0","0","0","0","not_tracked","0","0","0","100%","","Tracked via LinkedIn Share URN"
"2026-09-12T07:52:47.938Z","2609_d11_ig_carousel_en_sprint2_main_reader_preferences","ig","https://www.instagram.com/writon_socialapp/","","","harvest_agent","0","0","0","0","0","0","0","0","0","0","not_tracked","0","0","0","100%","","Harvested via Instagram Graph API"
"2026-09-12T07:52:47.938Z","2609_d11_ig_carousel_en_sprint2_main_reader_preferences","linkedin","https://www.linkedin.com/feed/update/urn:li:share:7504177098081652736","","","harvest_agent","0","0","0","0","0","0","0","0","0","0","not_tracked","0","0","0","100%","","Tracked via LinkedIn Share URN"
"2026-09-12T07:52:47.938Z","2609_d11_x_card_en_sprint2_pm_reader_preferences","x","https://x.com/WritOn_Social/status/2098426356908659026","","","harvest_agent","5","5","0","0","0","0","0","0","0","0","not_tracked","0","0","0","100%","","Harvested via X API v2"
"2026-09-12T07:52:47.938Z","2609_d11_x_card_en_sprint2_pm_reader_preferences","linkedin","https://www.linkedin.com/feed/update/urn:li:share:7504192148800520196","","","harvest_agent","0","0","0","0","0","0","0","0","0","0","not_tracked","0","0","0","100%","","Tracked via LinkedIn Share URN"
"2026-09-12T07:52:47.938Z","2609_d12_x_card_en_sprint2_am_week_one_practice_recap","x","https://x.com/WritOn_Social/status/2098620697757339892","","","harvest_agent","3","3","0","0","0","0","0","0","0","0","not_tracked","0","0","0","100%","","Harvested via X API v2"
"2026-09-12T07:52:47.938Z","2609_d12_x_card_en_sprint2_am_week_one_practice_recap","linkedin","https://www.linkedin.com/feed/update/urn:li:share:7504386481642381312","","","harvest_agent","0","0","0","0","0","0","0","0","0","0","not_tracked","0","0","0","100%","","Tracked via LinkedIn Share URN"
"2026-09-12T07:52:47.938Z","2609_d12_ig_story_en_sprint2_midday_week_one_practice_recap","ig","https://www.instagram.com/writon_socialapp/","","","harvest_agent","0","0","0","0","0","0","0","0","0","0","not_tracked","0","0","0","100%","","Harvested via Instagram Graph API"
"2026-09-12T10:02:04.710Z","2609_d12_x_card_en_sprint2_am_week_one_practice_recap","linkedin","https://www.linkedin.com/feed/update/urn:li:activity:7504386482779070464","","","harvest_agent","48","48","0","0","0","1","0","0","0","0","not_tracked","0","0","0","100%","","Harvested via LinkedIn analytics: Week-one practice recap"
"2026-09-12T10:02:04.710Z","2609_d11_x_card_en_sprint2_pm_reader_preferences","linkedin","https://www.linkedin.com/feed/update/urn:li:activity:7504192151149481986","","","harvest_agent","17","17","0","0","0","0","0","0","0","0","not_tracked","0","0","0","100%","","Harvested via LinkedIn analytics: Architecture of reading"
"2026-09-12T10:02:04.710Z","2609_d11_ig_carousel_en_sprint2_main_reader_preferences","linkedin","https://www.linkedin.com/feed/update/urn:li:activity:7504177099226722304","","","harvest_agent","3","3","0","0","0","0","0","0","0","0","not_tracked","0","0","0","100%","","Harvested via LinkedIn analytics: Readers notice when a feed is built for extraction"
"2026-09-12T10:02:04.710Z","2609_d11_x_card_en_sprint2_am_reader_preferences","linkedin","https://www.linkedin.com/feed/update/urn:li:activity:7504018436080066561","","","harvest_agent","35","35","0","0","0","2","0","0","0","0","not_tracked","0","0","0","100%","","Harvested via LinkedIn analytics: What keeps you reading?"
"2026-09-12T10:02:04.710Z","2609_d10_x_card_en_sprint2_am_opening_line_lab","linkedin","https://www.linkedin.com/feed/update/urn:li:activity:7503834235305353216","","","harvest_agent","67","67","0","0","0","0","0","0","0","0","not_tracked","0","0","0","100%","","Harvested via LinkedIn analytics: Anti-noise manifesto"
"2026-09-12T10:02:04.710Z","2609_d09_ig_card_en_sprint2_main_sensory_detail","linkedin","https://www.linkedin.com/feed/update/urn:li:activity:7503458694685167618","","","harvest_agent","40","40","0","0","0","0","0","0","0","0","not_tracked","0","0","0","100%","","Harvested via LinkedIn analytics: A scene begins before anything happens"
"2026-09-12T10:02:04.710Z","2609_d09_x_card_mr_sprint2_am_marathi_memory_prompt","linkedin","https://www.linkedin.com/feed/update/urn:li:activity:7503293690912768000","","","harvest_agent","38","38","0","0","0","0","0","0","0","0","not_tracked","0","0","0","100%","","Harvested via LinkedIn analytics: Marathi craft prompt"
"2026-09-12T10:02:04.710Z","2609_d08_x_card_en_sprint2_pm_show_emotion_through_action","linkedin","https://www.linkedin.com/feed/update/urn:li:activity:7503292883949740032","","","harvest_agent","167","167","0","0","0","2","0","0","0","0","not_tracked","0","0","0","100%","","Harvested via LinkedIn analytics: Social media spent 15 years turning reading into scanning"
"2026-09-12T10:02:04.710Z","2609_d08_x_card_en_sprint2_am_show_emotion_through_action","linkedin","https://www.linkedin.com/feed/update/urn:li:activity:7503285773153222656","","","harvest_agent","52","52","0","0","0","1","0","0","0","0","not_tracked","0","0","0","100%","","Harvested via LinkedIn analytics: Replace he was happy with the detail that proves it"
"2026-09-12T10:02:04.710Z","2609_d07_x_card_hi_sprint2_am_hindi_opening_line_prompt","linkedin","https://www.linkedin.com/feed/update/urn:li:activity:7499522876627402752","","","harvest_agent","102","102","0","0","0","2","0","0","0","0","not_tracked","0","0","0","100%","","Harvested via LinkedIn analytics: Notes app graveyard"
"2026-09-12T12:47:00.000Z","Video / Reel (Portrait Cover)","ig","https://www.instagram.com/writon_socialapp/","","","harvest_agent","29","0","29","0","0","0","0","0","0","0","not_tracked","0","0","0","100%","","Harvested via Instagram Professional Dashboard: Video Reel highest views (29)"
"2026-09-12T12:47:00.000Z","2609_d03_ig_carousel_en_groundfloor","ig","https://www.instagram.com/writon_socialapp/","","","harvest_agent","23","0","23","0","0","0","0","0","0","0","not_tracked","0","0","0","100%","","Harvested via Instagram Professional Dashboard: In 2015 Medium In 2018 Substack (23 views)"
"2026-09-12T12:47:00.000Z","A Calmer Writers Desk (Typography)","ig","https://www.instagram.com/writon_socialapp/","","","harvest_agent","23","0","23","0","0","0","0","0","0","0","not_tracked","0","0","0","100%","","Harvested via Instagram Professional Dashboard: A Calmer Writers Desk (23 views)"
"2026-09-12T12:47:00.000Z","In 6 months you will wish you started","ig","https://www.instagram.com/writon_socialapp/","","","harvest_agent","21","0","21","0","0","0","0","0","0","0","not_tracked","0","0","0","100%","","Harvested via Instagram Professional Dashboard: Early adopter manifesto (21 views)"
"2026-09-12T12:47:00.000Z","In 2 years you will wish you started","ig","https://www.instagram.com/writon_socialapp/","","","harvest_agent","17","0","17","0","0","0","0","0","0","0","not_tracked","0","0","0","100%","","Harvested via Instagram Professional Dashboard: Golden window manifesto (17 views)"
"2026-09-12T12:47:00.000Z","Hindi Literary: Shabdon Ka Safar","ig","https://www.instagram.com/writon_socialapp/","","","harvest_agent","13","0","13","0","0","0","0","0","0","0","not_tracked","0","0","0","100%","","Harvested via Instagram Professional Dashboard: Shabdon ka safar (13 views)"
"2026-09-12T12:47:00.000Z","Hindi Heritage: Ballimaran Ki Galiyan","ig","https://www.instagram.com/writon_socialapp/","","","harvest_agent","12","0","12","0","0","0","0","0","0","0","not_tracked","0","0","0","100%","","Harvested via Instagram Professional Dashboard: Ballimaran Ghalib heritage (12 views)"
"2026-09-12T12:47:00.000Z","What brings you here today? (Poll)","ig","https://www.instagram.com/writon_socialapp/","","","harvest_agent","11","0","11","0","0","0","0","0","0","0","not_tracked","0","0","0","100%","","Harvested via Instagram Professional Dashboard: Reader vs Writer poll (11 views)"
"2026-09-12T12:47:00.000Z","Brand Manifesto: Words Matter Stories Endure","ig","https://www.instagram.com/writon_socialapp/","","","harvest_agent","11","0","11","0","0","0","0","0","0","0","not_tracked","0","0","0","100%","","Harvested via Instagram Professional Dashboard: Words Matter Stories Endure (11 views)"
"2026-09-12T12:47:00.000Z","Hindi Interactive Poll: Memory vs Imagination","ig","https://www.instagram.com/writon_socialapp/","","","harvest_agent","8","0","8","0","0","0","0","0","0","0","not_tracked","0","0","0","100%","","Harvested via Instagram Professional Dashboard: Smriti vs Kalpana poll (8 views)"
"2026-09-12T14:02:06.673Z","2609_d12_ig_carousel_en_sprint2_main_week_one_practice_recap","ig","https://www.instagram.com/writon_socialapp/","2026-09-12T14:02:06.673Z","0","initial_publish","0","0","0","0","0","0","0","0","0","0","not_tracked","0","0","0","100%","","Initial publish baseline"
"2026-09-12T15:00:19.418Z","2609_d12_x_card_en_sprint2_pm_week_one_practice_recap","x","https://x.com/WritOn_Social/status/2098788770615292018","2026-09-12T15:00:19.418Z","0","initial_publish","0","0","0","0","0","0","0","0","0","0","not_tracked","0","0","0","100%","","Initial publish baseline"
"2026-09-12T15:30:40.476Z","2609_d12_ig_story_en_sprint2_evening_week_one_practice_recap","ig","https://www.instagram.com/writon_socialapp/","2026-09-12T15:30:40.476Z","0","initial_publish","0","0","0","0","0","0","0","0","0","0","not_tracked","0","0","0","100%","","Initial publish baseline"
"2026-09-13T03:30:42.429Z","2609_d13_x_card_hi_sprint2_am_hindi_dialogue_challenge","x","https://x.com/WritOn_Social/status/2098977537984704584","2026-09-13T03:30:42.429Z","0","initial_publish","0","0","0","0","0","0","0","0","0","0","not_tracked","0","0","0","100%","","Initial publish baseline"
"2026-09-13T07:55:46.485Z","2609_d13_ig_story_hi_sprint2_midday_hindi_dialogue_challenge","ig","https://www.instagram.com/writon_socialapp/","2026-09-13T07:55:46.485Z","0","initial_publish","0","0","0","0","0","0","0","0","0","0","not_tracked","0","0","0","100%","","Initial publish baseline"
"2026-09-13T09:30:33.889Z","2609_d13_ig_story_hi_sprint2_midday_hindi_dialogue_challenge","ig","https://www.instagram.com/writon_socialapp/","2026-09-13T09:30:33.889Z","0","initial_publish","0","0","0","0","0","0","0","0","0","0","not_tracked","0","0","0","100%","","Initial publish baseline"
"2026-09-13T09:30:36.651Z","2609_d13_x_card_hi_sprint2_am_hindi_dialogue_challenge","x","https://x.com/WritOn_Social/status/2098977537984704584","2026-09-13T09:30:36.651Z","0","initial_publish","0","0","0","0","0","0","0","0","0","0","not_tracked","0","0","0","100%","","Initial publish baseline"
"2026-09-13T14:00:37.935Z","2609_d13_ig_card_hi_sprint2_main_hindi_dialogue_challenge","ig","https://www.instagram.com/writon_socialapp/","2026-09-13T14:00:37.935Z","0","initial_publish","0","0","0","0","0","0","0","0","0","0","not_tracked","0","0","0","100%","","Initial publish baseline"
"2026-09-13T15:00:46.976Z","2609_d13_x_video_en_sprint2_pm_dont_start_with_weather","x","https://x.com/WritOn_Social/status/2099151190877749311","2026-09-13T15:00:46.976Z","0","initial_publish","0","0","0","0","0","0","0","0","0","0","not_tracked","0","0","0","100%","","Initial publish baseline"
"2026-09-13T15:30:40.622Z","2609_d13_ig_story_hi_sprint2_evening_hindi_dialogue_challenge","ig","https://www.instagram.com/writon_socialapp/","2026-09-13T15:30:40.622Z","0","initial_publish","0","0","0","0","0","0","0","0","0","0","not_tracked","0","0","0","100%","","Initial publish baseline"
"2026-09-14T03:30:36.197Z","2609_d14_x_card_en_sprint2_am_verified_writing_walkthrough","x","https://x.com/WritOn_Social/status/2099339904207769908","2026-09-14T03:30:36.197Z","0","initial_publish","0","0","0","0","0","0","0","0","0","0","not_tracked","0","0","0","100%","","Initial publish baseline"
"2026-09-14T07:01:06.502Z","2609_d14_ig_story_en_sprint2_midday_verified_writing_walkthrough","ig","https://www.instagram.com/writon_socialapp/","2026-09-14T07:01:06.502Z","0","initial_publish","0","0","0","0","0","0","0","0","0","0","not_tracked","0","0","0","100%","","Initial publish baseline"
"2026-09-14T14:00:36.419Z","2609_d14_ig_carousel_en_sprint2_main_verified_writing_walkthrough","ig","https://www.instagram.com/writon_socialapp/","2026-09-14T14:00:36.419Z","0","initial_publish","0","0","0","0","0","0","0","0","0","0","not_tracked","0","0","0","100%","","Initial publish baseline"
"2026-09-14T15:00:36.501Z","2609_d14_x_card_en_sprint2_pm_verified_writing_walkthrough","x","https://x.com/WritOn_Social/status/2099513558392607000","2026-09-14T15:00:36.501Z","0","initial_publish","0","0","0","0","0","0","0","0","0","0","not_tracked","0","0","0","100%","","Initial publish baseline"
"2026-09-14T15:15:41.757Z","2609_d14_ig_story_en_sprint2_evening_verified_writing_walkthrough","ig","https://www.instagram.com/writon_socialapp/","2026-09-14T15:15:41.757Z","0","initial_publish","0","0","0","0","0","0","0","0","0","0","not_tracked","0","0","0","100%","","Initial publish baseline"
"2026-09-14T17:31:51.479Z","2609_d07_x_card_hi_sprint2_am_hindi_opening_line_prompt","x","https://x.com/WritOn_Social/status/2096803214641520801","2026-09-07T03:30:15.770Z","182","live_api_crawl","18","18","18","1","1","1","0","1","0","0","official_api","0","0","0","100%","","X API v2 crawl: 18 impr, 1 likes, 1 replies, 1 retweets"
"2026-09-14T17:31:51.479Z","2609_d07_x_card_hi_sprint2_pm_hindi_opening_line_prompt","x","https://x.com/WritOn_Social/status/2096981193854222574","2026-09-07T15:17:29.364Z","170","live_api_crawl","17","17","17","1","1","0","0","0","0","0","official_api","0","0","0","100%","","X API v2 crawl: 17 impr, 0 likes, 1 replies, 0 retweets"
"2026-09-14T17:31:51.479Z","2609_d08_x_card_en_sprint2_am_show_emotion_through_action","x","https://x.com/WritOn_Social/status/2097165683037761885","2026-09-08T03:30:34.940Z","158","live_api_crawl","13","13","13","1","1","0","0","0","0","0","official_api","0","0","0","100%","","X API v2 crawl: 13 impr, 0 likes, 1 replies, 0 retweets"
"2026-09-14T17:31:51.479Z","2609_d08_x_card_en_sprint2_pm_show_emotion_through_action","x","https://x.com/WritOn_Social/status/2097339199762706689","2026-09-08T15:00:04.583Z","147","live_api_crawl","13","13","13","1","1","0","0","0","0","0","official_api","0","0","0","100%","","X API v2 crawl: 13 impr, 0 likes, 1 replies, 0 retweets"
"2026-09-14T17:31:51.479Z","2609_d09_x_card_hi_sprint2_pm_sensory_anchor","x","https://x.com/WritOn_Social/status/2097701604581573033","2026-09-09T15:00:08.858Z","123","live_api_crawl","8","8","8","1","1","0","0","0","0","0","official_api","0","0","0","100%","","X API v2 crawl: 8 impr, 0 likes, 1 replies, 0 retweets"
"2026-09-14T17:31:51.479Z","2609_d11_x_card_en_sprint2_am_reader_preferences","x","https://x.com/WritOn_Social/status/2098252734093021322","2026-09-11T03:30:08.286Z","86","live_api_crawl","27","27","27","1","1","1","0","0","0","0","official_api","0","0","0","100%","","X API v2 crawl: 27 impr, 1 likes, 1 replies, 0 retweets"
"2026-09-14T17:31:51.479Z","2609_d11_x_card_en_sprint2_pm_reader_preferences","x","https://x.com/WritOn_Social/status/2098426356908659026","2026-09-11T15:00:03.293Z","75","live_api_crawl","16","16","16","1","1","0","0","0","0","0","official_api","0","0","0","100%","","X API v2 crawl: 16 impr, 0 likes, 1 replies, 0 retweets"
"2026-09-14T17:31:51.479Z","2609_d12_x_card_en_sprint2_am_week_one_practice_recap","x","https://x.com/WritOn_Social/status/2098620697757339892","2026-09-12T03:52:17.768Z","62","live_api_crawl","15","15","15","1","1","0","0","0","0","0","official_api","0","0","0","100%","","X API v2 crawl: 15 impr, 0 likes, 1 replies, 0 retweets"
"2026-09-14T17:31:51.479Z","2609_d12_ig_carousel_en_sprint2_main_week_one_practice_recap","x","https://x.com/WritOn_Social/status/2098774152320839897","2026-09-12T14:01:46.718Z","52","live_api_crawl","6","6","6","1","1","0","0","0","0","0","official_api","0","0","0","100%","","X API v2 crawl: 6 impr, 0 likes, 1 replies, 0 retweets"
"2026-09-14T17:31:51.479Z","2609_d12_x_card_en_sprint2_pm_week_one_practice_recap","x","https://x.com/WritOn_Social/status/2098788770615292018","2026-09-12T15:00:08.957Z","51","live_api_crawl","4","4","4","1","1","0","0","0","0","0","official_api","0","0","0","100%","","X API v2 crawl: 4 impr, 0 likes, 1 replies, 0 retweets"
"2026-09-14T17:31:51.479Z","2609_d13_ig_card_hi_sprint2_main_hindi_dialogue_challenge","x","https://x.com/WritOn_Social/status/2099136167900066113","2026-09-13T14:00:11.498Z","28","live_api_crawl","2","2","2","1","1","0","0","0","0","0","official_api","0","0","0","100%","","X API v2 crawl: 2 impr, 0 likes, 1 replies, 0 retweets"
"2026-09-14T17:31:51.479Z","2609_d13_x_video_en_sprint2_pm_dont_start_with_weather","x","https://x.com/WritOn_Social/status/2099151190877749311","2026-09-13T15:00:15.142Z","27","live_api_crawl","3","3","3","1","1","0","0","0","0","0","official_api","0","0","0","100%","","X API v2 crawl: 3 impr, 0 likes, 1 replies, 0 retweets"
"2026-09-14T17:31:51.479Z","2609_d14_x_card_en_sprint2_am_verified_writing_walkthrough","x","https://x.com/WritOn_Social/status/2099339904207769908","2026-09-14T03:30:10.001Z","14","live_api_crawl","5","5","5","1","1","0","0","0","0","0","official_api","0","0","0","100%","","X API v2 crawl: 5 impr, 0 likes, 1 replies, 0 retweets"
"2026-09-14T17:31:51.479Z","2609_d14_ig_carousel_en_sprint2_main_verified_writing_walkthrough","x","https://x.com/WritOn_Social/status/2099498548790464952","2026-09-14T14:00:10.744Z","4","live_api_crawl","3","3","3","1","1","0","0","0","0","0","official_api","0","0","0","100%","","X API v2 crawl: 3 impr, 0 likes, 1 replies, 0 retweets"
"2026-09-14T17:31:51.479Z","2609_d14_x_card_en_sprint2_pm_verified_writing_walkthrough","x","https://x.com/WritOn_Social/status/2099513558392607000","2026-09-14T15:00:12.217Z","3","live_api_crawl","4","4","4","1","1","0","0","0","0","0","official_api","0","0","0","100%","","X API v2 crawl: 4 impr, 0 likes, 1 replies, 0 retweets"
"2026-09-14T17:31:51.479Z","2609_d06_x_card_en_sprint2_am_start_with_one_paragraph","x","https://x.com/WritOn_Social/status/2096467751598690695","12:45:36","NaN","live_api_crawl","14","14","14","1","1","0","0","0","0","0","official_api","0","0","0","100%","","X API v2 crawl: 14 impr, 0 likes, 1 replies, 0 retweets"
"2026-09-14T17:31:51.479Z","2609_d06_x_card_en_sprint2_pm_start_with_one_paragraph","x","https://x.com/WritOn_Social/status/2096580999165694228","12:45:36","NaN","live_api_crawl","14","14","14","0","0","0","0","0","0","0","official_api","0","0","0","100%","","X API v2 crawl: 14 impr, 0 likes, 0 replies, 0 retweets"
"2026-09-14T17:31:51.479Z","2609_d09_x_card_mr_sprint2_am_marathi_memory_prompt","x","https://x.com/WritOn_Social/status/2097527988959289781","12:01:13","NaN","live_api_crawl","14","14","14","1","1","0","0","0","0","0","official_api","0","0","0","100%","","X API v2 crawl: 14 impr, 0 likes, 1 replies, 0 retweets"
"2026-09-14T17:31:51.479Z","2609_d10_x_card_en_sprint2_am_opening_line_lab","x","https://x.com/WritOn_Social/status/2097733804899418300","20:30:18","NaN","live_api_crawl","15","15","15","1","1","0","0","0","0","0","official_api","0","0","0","100%","","X API v2 crawl: 15 impr, 0 likes, 1 replies, 0 retweets"
"2026-09-14T17:31:51.479Z","2609_d10_x_card_en_sprint2_pm_opening_line_lab","x","https://x.com/WritOn_Social/status/2097733986827321821","20:30:18","NaN","live_api_crawl","29","29","29","1","1","0","0","0","0","0","official_api","0","0","0","100%","","X API v2 crawl: 29 impr, 0 likes, 1 replies, 0 retweets"
"2026-09-14T17:31:51.479Z","2609_d13_x_card_hi_sprint2_am_hindi_dialogue_challenge","x","https://x.com/WritOn_Social/status/2098977537984704584","15:00:36","NaN","live_api_crawl","5","5","5","1","1","0","0","0","0","0","official_api","0","0","0","100%","","X API v2 crawl: 5 impr, 0 likes, 1 replies, 0 retweets"
"2026-09-14T17:31:51.479Z","2609_d10_ig_carousel_en_sprint2_main_opening_line_lab","ig","https://www.instagram.com/p/DdEwzRgI446/","2026-09-10T14:26:41.000Z","99","live_api_crawl","3","3","3","0","0","2","0","0","0","0","official_api","0","0","0","100%","","Meta Graph API crawl (FEED): 3 reach, 2 likes, 0 comments, 0 saves"
"2026-09-14T17:31:51.479Z","2609_d11_ig_carousel_en_sprint2_main_reader_preferences","ig","https://www.instagram.com/p/DdJk24XmLcn/","2026-09-11T14:00:16.824Z","76","live_api_crawl","0","0","0","1","1","0","0","0","0","0","official_api","0","0","0","100%","","Meta Graph API crawl (FEED): 0 reach, 0 likes, 1 comments, 0 saves"
"2026-09-14T17:31:51.479Z","2609_d12_ig_carousel_en_sprint2_main_week_one_practice_recap","ig","https://www.instagram.com/p/DdMJ0exjZkr/","2026-09-12T14:01:46.718Z","52","live_api_crawl","2","2","2","1","1","0","0","0","0","0","official_api","0","0","0","100%","","Meta Graph API crawl (FEED): 2 reach, 0 likes, 1 comments, 0 saves"
"2026-09-14T17:31:51.479Z","2609_d13_ig_card_hi_sprint2_main_hindi_dialogue_challenge","ig","https://www.instagram.com/p/DdOubqIE0B_/","2026-09-13T14:00:11.498Z","28","live_api_crawl","0","0","0","0","0","0","0","0","0","0","official_api","0","0","0","100%","","Meta Graph API crawl (FEED): 0 reach, 0 likes, 0 comments, 0 saves"
"2026-09-14T17:31:51.479Z","2609_d14_ig_story_en_sprint2_midday_verified_writing_walkthrough","ig","https://www.instagram.com/stories/writon_socialapp/3985840361482438163","2026-09-14T07:00:15.534Z","11","live_api_crawl","0","0","0","0","0","0","0","0","0","0","official_api","0","0","0","100%","","Meta Graph API crawl (STORY): 0 reach, 0 likes, 0 comments, 0 saves"
"2026-09-14T17:31:51.479Z","2609_d14_ig_carousel_en_sprint2_main_verified_writing_walkthrough","ig","https://www.instagram.com/p/DdRTO0niXz1/","2026-09-14T14:00:10.744Z","4","live_api_crawl","0","0","0","0","0","0","0","0","0","0","official_api","0","0","0","100%","","Meta Graph API crawl (FEED): 0 reach, 0 likes, 0 comments, 0 saves"
"2026-09-14T17:31:51.479Z","2609_d14_ig_story_en_sprint2_evening_verified_writing_walkthrough","ig","https://www.instagram.com/stories/writon_socialapp/3986089472495803984","2026-09-14T15:15:10.130Z","2","live_api_crawl","0","0","0","0","0","0","0","0","0","0","official_api","0","0","0","100%","","Meta Graph API crawl (STORY): 0 reach, 0 likes, 0 comments, 0 saves"
"2026-09-14T17:31:51.479Z","2609_d14_ig_story_en_sprint2_evening_verified_writing_walkthrough","ig","https://www.instagram.com/stories/writon_socialapp/3986089603089646853","2026-09-14T15:15:10.130Z","2","live_api_crawl","0","0","0","0","0","0","0","0","0","0","official_api","0","0","0","100%","","Meta Graph API crawl (STORY): 0 reach, 0 likes, 0 comments, 0 saves""2026-09-15T03:16:00.407Z","2609_special_hindi_diwas_x","x","https://x.com/WritOn_Social/status/2099698635302990213","2026-09-15T03:16:00.407Z","0","initial_publish","0","0","0","0","0","0","0","0","0","0","not_tracked","0","0","0","100%","","Hindi Diwas special feature"
"2026-09-15T03:16:00.407Z","2609_special_hindi_diwas_li","linkedin","https://www.linkedin.com/feed/update/urn:li:share:7505464408744095744","2026-09-15T03:16:00.407Z","0","initial_publish","0","0","0","0","0","0","0","0","0","0","not_tracked","0","0","0","100%","","Hindi Diwas special feature"
"2026-09-15T03:30:23.741Z","2609_d15_x_card_hi_sprint2_am_unsent_letter_prompt","x","https://x.com/WritOn_Social/status/2099702256535019856","2026-09-15T03:30:23.741Z","0","initial_publish","0","0","0","0","0","0","0","0","0","0","not_tracked","0","0","0","100%","","Initial publish baseline"
"2026-09-15T07:01:12.719Z","2609_d15_ig_story_hi_sprint2_midday_unsent_letter_prompt","ig","https://www.instagram.com/writon_socialapp/","2026-09-15T07:01:12.719Z","0","initial_publish","0","0","0","0","0","0","0","0","0","0","not_tracked","0","0","0","100%","","Initial publish baseline"
"2026-09-15T14:00:25.965Z","2609_d15_ig_card_hi_sprint2_main_unsent_letter_prompt","ig","https://www.instagram.com/writon_socialapp/","2026-09-15T14:00:25.965Z","0","initial_publish","0","0","0","0","0","0","0","0","0","0","not_tracked","0","0","0","100%","","Initial publish baseline"
"2026-09-15T15:00:18.020Z","2609_d15_x_card_hi_sprint2_pm_unsent_letter_prompt","x","https://x.com/WritOn_Social/status/2099875902251483203","2026-09-15T15:00:18.020Z","0","initial_publish","0","0","0","0","0","0","0","0","0","0","not_tracked","0","0","0","100%","","Initial publish baseline"
"2026-09-15T15:15:26.925Z","2609_d15_ig_story_hi_sprint2_evening_unsent_letter_prompt","ig","https://www.instagram.com/writon_socialapp/","2026-09-15T15:15:26.925Z","0","initial_publish","0","0","0","0","0","0","0","0","0","0","not_tracked","0","0","0","100%","","Initial publish baseline"
"2026-09-16T04:43:12.610Z","2609_d16_x_card_hi_sprint2_am_hindi_sensory_writing","x","https://x.com/WritOn_Social/status/2100082929917685903","2026-09-16T04:43:12.610Z","0","initial_publish","0","0","0","0","0","0","0","0","0","0","not_tracked","0","0","0","100%","","Initial publish baseline"
"2026-09-16T07:01:12.263Z","2609_d16_ig_story_hi_sprint2_midday_hindi_sensory_writing","ig","https://www.instagram.com/writon_socialapp/","2026-09-16T07:01:12.263Z","0","initial_publish","0","0","0","0","0","0","0","0","0","0","not_tracked","0","0","0","100%","","Initial publish baseline"
"2026-09-16T14:00:46.067Z","2609_d16_ig_carousel_hi_sprint2_main_hindi_sensory_writing","ig","https://www.instagram.com/writon_socialapp/","2026-09-16T14:00:46.067Z","0","initial_publish","0","0","0","0","0","0","0","0","0","0","not_tracked","0","0","0","100%","","Initial publish baseline"
"2026-09-16T15:00:15.007Z","2609_d16_x_card_hi_sprint2_pm_hindi_sensory_writing","x","https://x.com/WritOn_Social/status/2100238282521276586","2026-09-16T15:00:15.007Z","0","initial_publish","0","0","0","0","0","0","0","0","0","0","not_tracked","0","0","0","100%","","Initial publish baseline"
"2026-09-16T15:15:29.213Z","2609_d16_ig_story_hi_sprint2_evening_hindi_sensory_writing","ig","https://www.instagram.com/writon_socialapp/","2026-09-16T15:15:29.213Z","0","initial_publish","0","0","0","0","0","0","0","0","0","0","not_tracked","0","0","0","100%","","Initial publish baseline"
"2026-09-17T03:30:18.472Z","2609_d17_x_card_en_sprint2_am_one_scene_two_perspectives","x","https://x.com/WritOn_Social/status/2100427031804809552","2026-09-17T03:30:18.472Z","0","initial_publish","0","0","0","0","0","0","0","0","0","0","not_tracked","0","0","0","100%","","Initial publish baseline"
"2026-09-17T03:43:15.789Z","2609_d17_x_card_en_sprint2_am_one_scene_two_perspectives","x","https://x.com/WritOn_Social/status/2100427031804809552","2026-09-17T03:43:15.789Z","0","initial_publish","0","0","0","0","0","0","0","0","0","0","not_tracked","0","0","0","100%","","Initial publish baseline"
"2026-09-17T03:43:15.790Z","2609_d17_ig_story_en_sprint2_midday_one_scene_two_perspectives","ig","https://www.instagram.com/writon_socialapp/","2026-09-17T03:43:15.790Z","0","initial_publish","0","0","0","0","0","0","0","0","0","0","not_tracked","0","0","0","100%","","Initial publish baseline"
"2026-09-17T03:43:15.790Z","2609_d17_ig_carousel_en_sprint2_main_one_scene_two_perspectives","ig","https://www.instagram.com/writon_socialapp/","2026-09-17T03:43:15.790Z","0","initial_publish","0","0","0","0","0","0","0","0","0","0","not_tracked","0","0","0","100%","","Initial publish baseline"
"2026-09-17T03:43:15.790Z","2609_d17_x_card_en_sprint2_pm_one_scene_two_perspectives","x","https://x.com/WritOn_Social/status/2100430143303139790","2026-09-17T03:43:15.790Z","0","initial_publish","0","0","0","0","0","0","0","0","0","0","not_tracked","0","0","0","100%","","Initial publish baseline"
"2026-09-17T03:43:15.790Z","2609_d17_ig_story_en_sprint2_evening_one_scene_two_perspectives","ig","https://www.instagram.com/writon_socialapp/","2026-09-17T03:43:15.790Z","0","initial_publish","0","0","0","0","0","0","0","0","0","0","not_tracked","0","0","0","100%","","Initial publish baseline"
"2026-09-17T07:00:00.811Z","2609_d17_ig_story_en_sprint2_midday_one_scene_two_perspectives","ig","https://www.instagram.com/writon_socialapp/","2026-09-17T07:00:00.811Z","0","initial_publish","0","0","0","0","0","0","0","0","0","0","not_tracked","0","0","0","100%","","Initial publish baseline"
"2026-09-17T14:00:01.694Z","2609_d17_ig_carousel_en_sprint2_main_one_scene_two_perspectives","ig","https://www.instagram.com/writon_socialapp/","2026-09-17T14:00:01.694Z","0","initial_publish","0","0","0","0","0","0","0","0","0","0","not_tracked","0","0","0","100%","","Initial publish baseline"
"2026-09-17T15:00:01.051Z","2609_d17_x_card_en_sprint2_pm_one_scene_two_perspectives","x","https://x.com/WritOn_Social/status/2100430143303139790","2026-09-17T15:00:01.051Z","0","initial_publish","0","0","0","0","0","0","0","0","0","0","not_tracked","0","0","0","100%","","Initial publish baseline"
"2026-09-17T15:15:00.391Z","2609_d17_ig_story_en_sprint2_evening_one_scene_two_perspectives","ig","https://www.instagram.com/writon_socialapp/","2026-09-17T15:15:00.391Z","0","initial_publish","0","0","0","0","0","0","0","0","0","0","not_tracked","0","0","0","100%","","Initial publish baseline"
"2026-09-18T07:00:20.169Z","2609_d18_ig_story_en_sprint2_midday_find_your_next_read","ig","https://www.instagram.com/writon_socialapp/","2026-09-18T07:00:20.169Z","0","initial_publish","0","0","0","0","0","0","0","0","0","0","not_tracked","0","0","0","100%","","Initial publish baseline"
"2026-09-18T14:00:51.962Z","2609_d18_ig_carousel_en_sprint2_main_find_your_next_read","ig","https://www.instagram.com/writon_socialapp/","2026-09-18T14:00:51.962Z","0","initial_publish","0","0","0","0","0","0","0","0","0","0","not_tracked","0","0","0","100%","","Initial publish baseline"
"2026-09-18T15:15:27.972Z","2609_d18_ig_story_en_sprint2_evening_find_your_next_read","ig","https://www.instagram.com/writon_socialapp/","2026-09-18T15:15:27.972Z","0","initial_publish","0","0","0","0","0","0","0","0","0","0","not_tracked","0","0","0","100%","","Initial publish baseline"
