"sprint_day","date","time_ist","timezone","platform","surface","format","frames","language","theme","delivery_id","caption","creative_brief","primary_action","proposed_redirect","link_status","fallback","status","asset_paths","posted_url","published_at_ist"
"1","2026-09-06","09:00","Asia/Kolkata","x","feed","card","1","en","Start with one paragraph","2609_d06_x_card_en_sprint2_am_start_with_one_paragraph","One character. One place. One thing they want. That is enough to begin a scene. What would your character want?

#writon #writingcommunity #amwriting"
"#writon #writingcommunity #amwriting,1080x1080 original card. Hook: Your first story can start with one paragraph. Adapt it specifically to the morning caption; do not repeat the evening creative.,participation,"",not_applicable,If a current app screen is unavailable"," use a four-panel original writing exercise and replace the download CTA with Save this exercise.,published,d:\VibeCode\WritOn-PowerUp\campaign\antigravity-2026-09-06-19\assets\day1\day1_am_x_card.png,https://x.com/WritOn_Social/status/2096467751598690695,12:45:36"
"1","2026-09-06","12:30","Asia/Kolkata","ig","story","story","1","en","Start with one paragraph","2609_d06_ig_story_en_sprint2_midday_start_with_one_paragraph","What brings you here?

#writon #writingcommunity #amwriting #storytelling #writersofinstagram"
"#writon #writingcommunity #amwriting #storytelling #writersofinstagram,One 1080x1920 Story canvas with a rendered 1080x1080 card placed inside safe margins. Question: What brings you here? Poll choices if supported: Reading / Writing. No sticker automation workaround; otherwise use the question graphic.,poll,"",not_applicable,If a current app screen is unavailable"," use a four-panel original writing exercise and replace the download CTA with Save this exercise.,published,d:\VibeCode\WritOn-PowerUp\campaign\antigravity-2026-09-06-19\assets\day1\day1_midday_story_parchment.png,https://www.instagram.com/writon_socialapp/,12:45:36"
"1","2026-09-06","19:30","Asia/Kolkata","ig","feed","carousel","1","en","Start with one paragraph","2609_d06_ig_carousel_en_sprint2_main_start_with_one_paragraph","A finished book begins with a small piece of writing. Choose a character, a place, and something they want. Write 50 words before you edit. Explore WritOn on Android through the link in our bio.

#writon #writingcommunity #amwriting #storytelling #writersofinstagram"
"#writon #writingcommunity #amwriting #storytelling #writersofinstagram,Five panels"," 1080x1350 each. Cover: Your first story can start with one paragraph."
"2. Choose one character"," one place"," and one thing they want."
"3. Write 50 words before editing. This is a suggested exercise"," not an app limit."
"4. Show a current"," verified WritOn writing screen."
"Carousel implementation: combine the cover with item 1; use items 2-5 for panels 2-5. Single-card implementation: headline plus the three short lines; no carousel label.,app,"",not_applicable,If a current app screen is unavailable"," use a four-panel original writing exercise and replace the download CTA with Save this exercise.,published,d:\VibeCode\WritOn-PowerUp\campaign\antigravity-2026-09-06-19\assets\day1\day1_main_carousel_slide_1.png;d:\VibeCode\WritOn-PowerUp\campaign\antigravity-2026-09-06-19\assets\day1\day1_main_carousel_slide_2.png;d:\VibeCode\WritOn-PowerUp\campaign\antigravity-2026-09-06-19\assets\day1\day1_main_carousel_slide_3.png;d:\VibeCode\WritOn-PowerUp\campaign\antigravity-2026-09-06-19\assets\day1\day1_main_carousel_slide_4.png;d:\VibeCode\WritOn-PowerUp\campaign\antigravity-2026-09-06-19\assets\day1\day1_main_carousel_slide_5.png,https://www.instagram.com/writon_socialapp/,12:45:36"
"1","2026-09-06","20:30","Asia/Kolkata","x","feed","card","1","en","Start with one paragraph","2609_d06_x_card_en_sprint2_pm_start_with_one_paragraph","A small writing session for tonight: set a five-minute timer and write one paragraph before editing. Keep the paragraph, even if it is imperfect.

#writon #writingcommunity #amwriting"
"#writon #writingcommunity #amwriting,1080x1080 second original card. Use the evening caption's practical idea as the headline. Do not reuse the morning caption or image unchanged.,practice,"",not_applicable,If a current app screen is unavailable"," use a four-panel original writing exercise and replace the download CTA with Save this exercise.,published,d:\VibeCode\WritOn-PowerUp\campaign\antigravity-2026-09-06-19\assets\day1\day1_pm_x_card.png,https://x.com/WritOn_Social/status/2096580999165694228,12:45:36"
"1","2026-09-06","20:45","Asia/Kolkata","ig","story","story","2","en","Start with one paragraph","2609_d06_ig_story_en_sprint2_evening_start_with_one_paragraph","Your first story can start with one paragraph.

#writon #writingcommunity #amwriting #storytelling #writersofinstagram"
"#writon #writingcommunity #amwriting #storytelling #writersofinstagram,Two 1080x1920 Story canvases"," each containing an original rendered card. Frame 1: one useful detail from today's feed. Frame 2: one verified Android app link sticker; label the destination accurately. Do not show invented replies or counts. Localize this copy to en during review.,app,https://writon.cc/go/2609_d06_ig_story_en_sprint2_evening_start_with_one_paragraph,UNVERIFIED_PROPOSED,If a current app screen is unavailable"," use a four-panel original writing exercise and replace the download CTA with Save this exercise.,published,d:\VibeCode\WritOn-PowerUp\campaign\antigravity-2026-09-06-19\assets\day1\day1_evening_story_frame_1.png;d:\VibeCode\WritOn-PowerUp\campaign\antigravity-2026-09-06-19\assets\day1\day1_evening_story_frame_2.png,https://www.instagram.com/writon_socialapp/,12:45:36"
"2","2026-09-07","09:00","Asia/Kolkata","x","feed","card","1","hi","Hindi opening-line prompt","2609_d07_x_card_hi_sprint2_am_hindi_opening_line_prompt","लेखन अभ्यास: “दरवाज़े पर दस्तक हुई, पर बाहर कोई नहीं था।” इसके बाद क्या हुआ? अगली दो पंक्तियाँ लिखिए।

#writon #हिंदीसाहित्य #लेखन"
"#writon #हिंदीसाहित्य #लेखन,1080x1080 original card. Hook: दरवाज़े पर दस्तक हुई"," पर बाहर कोई नहीं था। Adapt it specifically to the morning caption; do not repeat the evening creative.,participation,"",not_applicable,Use the English door-knock prompt if fluent Hindi review is unavailable.,published,d:\VibeCode\WritOn-PowerUp\campaign\antigravity-2026-09-06-19\assets\day2\day2_am_x_card.png,https://x.com/WritOn_Social/status/2096803214641520801,09:00:18"
"2","2026-09-07","12:30","Asia/Kolkata","ig","story","story","1","hi","Hindi opening-line prompt","2609_d07_ig_story_hi_sprint2_midday_hindi_opening_line_prompt","आप क्या पढ़ना पसंद करेंगे?

#writon #हिंदीसाहित्य #लेखन #कहानी #writingcommunity"
"2","2026-09-07","19:30","Asia/Kolkata","ig","feed","card","1","hi","Hindi opening-line prompt","2609_d07_ig_card_hi_sprint2_main_hindi_opening_line_prompt","आज का लेखन अभ्यास: “दरवाज़े पर दस्तक हुई, पर बाहर कोई नहीं था।” इसके बाद क्या हुआ? अपनी अगली दो पंक्तियाँ कमेंट में लिखिए। यह WritOn का लेखन संकेत है, किसी लेखक का उद्धरण नहीं।

#writon #हिंदीसाहित्य #लेखन #कहानी #writingcommunity"
"#writon #हिंदीसाहित्य #लेखन #कहानी #writingcommunity,One 1080x1080 card. Cover: दरवाज़े पर दस्तक हुई"," पर बाहर कोई नहीं था।"
"2","2026-09-07","20:30","Asia/Kolkata","x","feed","card","1","hi","Hindi opening-line prompt","2609_d07_x_card_hi_sprint2_pm_hindi_opening_line_prompt","रहस्य लिखते समय एक छोटी चीज़ बदलकर देखिए: खाली कुर्सी, खुली खिड़की या बंद घड़ी। आपके दृश्य में कौन-सी चीज़ बदलेगी?

#writon #हिंदीसाहित्य #लेखन"
"2","2026-09-07","20:45","Asia/Kolkata","ig","story","story","2","hi","Hindi opening-line prompt","2609_d07_ig_story_hi_sprint2_evening_hindi_opening_line_prompt","दरवाज़े पर दस्तक हुई, पर बाहर कोई नहीं था।

#writon #हिंदीसाहित्य #लेखन #कहानी #writingcommunity"
"#writon #हिंदीसाहित्य #लेखन #कहानी #writingcommunity,Two 1080x1920 Story canvases"," each containing an original rendered card. Frame 1: one useful detail from today's feed. Frame 2: the daily question or save/practice reminder. Do not show invented replies or counts. Localize this copy to hi during review.,participation,"",not_applicable,Use the English door-knock prompt if fluent Hindi review is unavailable.,published,d:\VibeCode\WritOn-PowerUp\campaign\antigravity-2026-09-06-19\assets\day2\day2_evening_story_frame_1.png;d:\VibeCode\WritOn-PowerUp\campaign\antigravity-2026-09-06-19\assets\day2\day2_evening_story_frame_2.png,https://www.instagram.com/writon_socialapp/,20:48:13"
"3","2026-09-08","09:00","Asia/Kolkata","x","feed","card","1","en","Show emotion through action","2609_d08_x_card_en_sprint2_am_show_emotion_through_action","Writing exercise: replace “He was happy” with one action a reader could see. No emotion words. What would he do?

#writon #writingcommunity #amwriting"
"3","2026-09-08","12:30","Asia/Kolkata","ig","story","story","1","en","Show emotion through action","2609_d08_ig_story_en_sprint2_midday_show_emotion_through_action","What do you notice first in a scene?

#writon #writingcommunity #amwriting #storytelling #writersofinstagram"
"3","2026-09-08","19:30","Asia/Kolkata","ig","feed","carousel","1","en","Show emotion through action","2609_d08_ig_carousel_en_sprint2_main_show_emotion_through_action","A small action can carry an emotion. Instead of naming a feeling, let the reader notice a gesture. Swipe for a brand-written example, then try the exercise in your next draft. Save this for your next writing session.

#writon #writingcommunity #amwriting #storytelling #writersofinstagram"
"#writon #writingcommunity #amwriting #storytelling #writersofinstagram,Five panels"," 1080x1350 each. Cover: Show the worry before you name it."
"3","2026-09-08","20:30","Asia/Kolkata","x","feed","card","1","en","Show emotion through action","2609_d08_x_card_en_sprint2_pm_show_emotion_through_action","Draft check: underline one sentence that names an emotion. Try a gesture in its place. Keep whichever version sounds more like your character.

#writon #writingcommunity #amwriting"
"3","2026-09-08","20:45","Asia/Kolkata","ig","story","story","2","en","Show emotion through action","2609_d08_ig_story_en_sprint2_evening_show_emotion_through_action","Show the worry before you name it.

#writon #writingcommunity #amwriting #storytelling #writersofinstagram"
"#writon #writingcommunity #amwriting #storytelling #writersofinstagram,Two 1080x1920 Story canvases"," each containing an original rendered card. Frame 1: one useful detail from today's feed. Frame 2: the daily question or save/practice reminder. Do not show invented replies or counts. Localize this copy to en during review.,save,"",not_applicable,All examples are original WritOn exercise copy; no author attribution.,published,d:\VibeCode\WritOn-PowerUp\campaign\antigravity-2026-09-06-19\assets\day3\day3_evening_story_frame_1.png;d:\VibeCode\WritOn-PowerUp\campaign\antigravity-2026-09-06-19\assets\day3\day3_evening_story_frame_2.png,https://www.instagram.com/writon_socialapp/,20:45:39"
"4","2026-09-09","09:00","Asia/Kolkata","x","feed","card","1","mr","Marathi memory prompt","2609_d09_x_card_mr_sprint2_am_marathi_memory_prompt","लेखन सराव: “पावसाचा वास आला आणि एक जुनी आठवण जागी झाली.” पुढची दोन वाक्ये लिहा.

#writon #writingcommunity #amwriting"
"4","2026-09-09","12:30","Asia/Kolkata","ig","story","story","1","hi","Hindi memory vs imagination prompt","2609_d09_ig_story_hi_sprint2_midday_memory_poll","कहानी की शुरुआत किससे करेंगे?

#writon #हिंदीसाहित्य #लेखन #कहानी #writingcommunity"
"4","2026-09-09","19:30","Asia/Kolkata","ig","feed","card","1","en","A scene begins with a detail","2609_d09_ig_card_en_sprint2_main_sensory_detail","A scene begins with a detail, not an explanation.

#writon #writingcommunity #amwriting #storytelling #writersofinstagram"
"Instead of telling the reader how to feel"," give them a physical anchor: a chipped cup"," the sound of rain"," an unread letter. Write two lines in the comments where an object tells the story."
"#writon #writingcommunity #amwriting #storytelling #writersofinstagram,One 1080x1080 Obsidian card. Headline: A scene begins with a detail"," not an explanation. Three steps: 1. The Physical Anchor"," 2. The Shift in Attention"," 3. The Unspoken Truth. Community call: Write your two lines in the comments.,participation,"",not_applicable,English: The smell of rain brought back a memory. What was it? Write the next two sentences.,published,d:\VibeCode\WritOn-PowerUp\campaign\antigravity-2026-09-06-19\assets\day4\day4_main_feed_card.png,https://www.instagram.com/writon_socialapp/,19:55:59"
"4","2026-09-09","20:30","Asia/Kolkata","x","feed","card","1","hi","Hindi evening sensory anchor","2609_d09_x_card_hi_sprint2_pm_sensory_anchor","रात का सन्नाटा और एक सादा कागज़ — आज अपनी डायरी में क्या लिखेंगे?

#writon #हिंदीसाहित्य #लेखन"
"दृश्य में केवल भावना मत लिखिए"," एक मूर्त हरकत या आवाज़ जोड़िए।"
"#writon #हिंदीसाहित्य #लेखन,1080x1080 Obsidian card. Headline: भावना का नाम मत लीजिए"," दृश्य में एक हरकत जोड़िए। Craft Rule: सामान्य चूक vs सटीक संवेदी विवरण।,practice,"",not_applicable,English: The smell of rain brought back a memory. What was it? Write the next two sentences.,published,d:\VibeCode\WritOn-PowerUp\campaign\antigravity-2026-09-06-19\assets\day4\day4_pm_x_card.png,https://x.com/WritOn_Social/status/2097701604581573033,20:30:11"
"4","2026-09-09","20:45","Asia/Kolkata","ig","story","story","2","hi","Hindi evening craft reflection & app","2609_d09_ig_story_hi_sprint2_evening_reflection","रात का सन्नाटा और एक सादा कागज़।

#writon #हिंदीसाहित्य #लेखन #कहानी #writingcommunity"
"#writon #हिंदीसाहित्य #लेखन #कहानी #writingcommunity,Two 1080x1920 Story canvases. Frame 1: Tonight's Craft Reflection in Hindi (भावना मत कहिए"," दृश्य दिखाइए). Frame 2: WritOn Android App CTA with verified link sticker.,app,https://writon.cc/go/2609_d09_ig_story_hi_evening,UNVERIFIED_PROPOSED,English: The smell of rain brought back a memory. What was it? Write the next two sentences.,published,d:\VibeCode\WritOn-PowerUp\campaign\antigravity-2026-09-06-19\assets\day4\day4_evening_story_frame_1.png;d:\VibeCode\WritOn-PowerUp\campaign\antigravity-2026-09-06-19\assets\day4\day4_evening_story_frame_2.png,https://www.instagram.com/writon_socialapp/,20:45:37"
"5","2026-09-10","09:00","Asia/Kolkata","x","feed","card","1","en","Opening-line lab; optional verified author feature","2609_d10_x_card_en_sprint2_am_opening_line_lab","Choose a familiar place. Add one detail that does not belong. What has changed in your scene?

#writon #writingcommunity #amwriting"
"#writon #writingcommunity #amwriting,1080x1080 original card. Hook: Give an ordinary place one unexpected detail. Adapt it specifically to the morning caption; do not repeat the evening creative.,participation,"",not_applicable,This original exercise is the default. A consent-cleared human author spotlight may replace the full package; never invent the author"," excerpt"," biography"," or endorsement.,published,d:\VibeCode\WritOn-PowerUp\campaign\antigravity-2026-09-06-19\assets\day5\day5_am_x_card.png,https://x.com/WritOn_Social/status/2097733804899418300,20:30:18"
"5","2026-09-10","12:30","Asia/Kolkata","ig","story","story","1","en","Opening-line lab; optional verified author feature","2609_d10_ig_story_en_sprint2_midday_opening_line_lab","Which setting would you choose?

#writon #writingcommunity #amwriting #storytelling #writersofinstagram"
"#writon #writingcommunity #amwriting #storytelling #writersofinstagram,One 1080x1920 Story canvas with a rendered 1080x1080 card placed inside safe margins. Question: Which setting would you choose? Poll choices if supported: A station / An old house. No sticker automation workaround; otherwise use the question graphic.,poll,"",not_applicable,This original exercise is the default. A consent-cleared human author spotlight may replace the full package; never invent the author"," excerpt"," biography"," or endorsement.,published,d:\VibeCode\WritOn-PowerUp\campaign\antigravity-2026-09-06-19\assets\day5\day5_midday_story_frame.png,https://www.instagram.com/writon_socialapp/,20:30:18"
"5","2026-09-10","19:30","Asia/Kolkata","ig","feed","carousel","1","en","Opening-line lab; optional verified author feature","2609_d10_ig_carousel_en_sprint2_main_opening_line_lab","A familiar place becomes interesting when one detail feels wrong. Swipe for an original WritOn exercise, then write two lines that make a reader want the third.

#writon #writingcommunity #amwriting #storytelling #writersofinstagram"
"#writon #writingcommunity #amwriting #storytelling #writersofinstagram,Five panels"," 1080x1350 each. Cover: Give an ordinary place one unexpected detail."
"1. Choose a familiar place: a kitchen"," a station"," or a classroom."
"Carousel implementation: combine the cover with item 1; use items 2-5 for panels 2-5. Single-card implementation: headline plus the three short lines; no carousel label.,participation,"",not_applicable,This original exercise is the default. A consent-cleared human author spotlight may replace the full package; never invent the author"," excerpt"," biography"," or endorsement.,published,d:\VibeCode\WritOn-PowerUp\campaign\antigravity-2026-09-06-19\assets\day5\day5_main_feed_card.png,https://www.instagram.com/p/DdEwzRgI446/,20:30:18"
"5","2026-09-10","20:30","Asia/Kolkata","x","feed","card","1","en","Opening-line lab; optional verified author feature","2609_d10_x_card_en_sprint2_pm_opening_line_lab","Try an opening that gives the reader something to notice before it explains the situation. Two lines are enough for tonight's exercise.

#writon #writingcommunity #amwriting"
"#writon #writingcommunity #amwriting,1080x1080 second original card. Use the evening caption's practical idea as the headline. Do not reuse the morning caption or image unchanged.,participation,"",not_applicable,This original exercise is the default. A consent-cleared human author spotlight may replace the full package; never invent the author"," excerpt"," biography"," or endorsement.,published,d:\VibeCode\WritOn-PowerUp\campaign\antigravity-2026-09-06-19\assets\day5\day5_pm_x_card.png,https://x.com/WritOn_Social/status/2097733986827321821,20:30:18"
"5","2026-09-10","20:45","Asia/Kolkata","ig","story","story","2","en","Opening-line lab; optional verified author feature","2609_d10_ig_story_en_sprint2_evening_opening_line_lab","Give an ordinary place one unexpected detail.

#writon #writingcommunity #amwriting #storytelling #writersofinstagram"
"#writon #writingcommunity #amwriting #storytelling #writersofinstagram,Two 1080x1920 Story canvases"," each containing an original rendered card. Frame 1: one useful detail from today's feed. Frame 2: the daily question or save/practice reminder. Do not show invented replies or counts. Localize this copy to en during review.,participation,"",not_applicable,This original exercise is the default. A consent-cleared human author spotlight may replace the full package; never invent the author"," excerpt"," biography"," or endorsement.,published,d:\VibeCode\WritOn-PowerUp\campaign\antigravity-2026-09-06-19\assets\day5\day5_evening_story_frame_1.png;d:\VibeCode\WritOn-PowerUp\campaign\antigravity-2026-09-06-19\assets\day5\day5_evening_story_frame_2.png,https://www.instagram.com/writon_socialapp/,20:30:18"
"6","2026-09-11","09:00","Asia/Kolkata","x","feed","card","1","en","Reader preferences","2609_d11_x_card_en_sprint2_am_reader_preferences","What keeps you reading: a question, a character, or the language? Choose one and tell us why.

#writon #writingcommunity #amwriting"
"6","2026-09-11","12:30","Asia/Kolkata","ig","story","story","1","en","Reader preferences","2609_d11_ig_story_en_sprint2_midday_reader_preferences","Tonight's reading mood?

#writon #writingcommunity #amwriting #storytelling #writersofinstagram"
"6","2026-09-11","19:30","Asia/Kolkata","ig","feed","carousel","1","en","Reader preferences","2609_d11_ig_carousel_en_sprint2_main_reader_preferences","Readers notice different things. Some stay for the mystery, some for the character, some for the language. Which one makes you read the next page? Tell us one reason.

#writon #writingcommunity #amwriting #storytelling #writersofinstagram"
"#writon #writingcommunity #amwriting #storytelling #writersofinstagram,Five panels"," 1080x1350 each. Cover: What makes you read the next page?"
"6","2026-09-11","20:30","Asia/Kolkata","x","feed","card","1","en","Reader preferences","2609_d11_x_card_en_sprint2_pm_reader_preferences","A reading exercise for tonight: notice the exact sentence that makes you want to continue. What does it promise the reader?

#writon #writingcommunity #amwriting"
"6","2026-09-11","20:45","Asia/Kolkata","ig","story","story","2","en","Reader preferences","2609_d11_ig_story_en_sprint2_evening_reader_preferences","What makes you read the next page?

#writon #writingcommunity #amwriting #storytelling #writersofinstagram"
"#writon #writingcommunity #amwriting #storytelling #writersofinstagram,Two 1080x1920 Story canvases"," each containing an original rendered card. Frame 1: one useful detail from today's feed. Frame 2: the daily question or save/practice reminder. Do not show invented replies or counts. Localize this copy to en during review.,participation,"",not_applicable,Do not present poll options as available catalog inventory without checking.,published,d:\VibeCode\WritOn-PowerUp\campaign\antigravity-2026-09-06-19\assets\day6\day6_evening_story_frame_1.png;d:\VibeCode\WritOn-PowerUp\campaign\antigravity-2026-09-06-19\assets\day6\day6_evening_story_frame_2.png,https://www.instagram.com/writon_socialapp/,20:45:36"
"7","2026-09-12","09:00","Asia/Kolkata","x","feed","card","1","en","Week-one practice recap","2609_d12_x_card_en_sprint2_am_week_one_practice_recap","Three ways to begin: a character's want, a small gesture, or one unexpected detail. Which feels easiest to try?

#writon #writingcommunity #amwriting"
"#writon #writingcommunity #amwriting,1080x1080 original card. Hook: Three small ways to begin writing. Adapt it specifically to the morning caption; do not repeat the evening creative.,save,"",not_applicable,If no audience submissions exist"," use this practice recap. Do not claim a community response or invent participation counts.,published,d:\VibeCode\WritOn-PowerUp\campaign\antigravity-2026-09-06-19\assets\day7\day7_am_x_card.png,https://x.com/WritOn_Social/status/2098620697757339892,09:22:42"
"7","2026-09-12","12:30","Asia/Kolkata","ig","story","story","1","en","Week-one practice recap","2609_d12_ig_story_en_sprint2_midday_week_one_practice_recap","Which exercise should return?

#writon #writingcommunity #amwriting #storytelling #writersofinstagram"
"#writon #writingcommunity #amwriting #storytelling #writersofinstagram,One 1080x1920 Story canvas with a rendered 1080x1080 card placed inside safe margins. Question: Which exercise should return? Poll choices if supported: Opening lines / Small gestures. No sticker automation workaround; otherwise use the question graphic.,poll,"",not_applicable,If no audience submissions exist"," use this practice recap. Do not claim a community response or invent participation counts.,published,d:\VibeCode\WritOn-PowerUp\campaign\antigravity-2026-09-06-19\assets\day7\day7_midday_story_frame.png,https://www.instagram.com/writon_socialapp/,12:31:16"
"7","2026-09-12","19:30","Asia/Kolkata","ig","feed","carousel","1","en","Week-one practice recap","2609_d12_ig_carousel_en_sprint2_main_week_one_practice_recap","This week's practice: give a character a want, turn an emotion into an action, or change one detail in a familiar place. Pick one exercise for your next five-minute session. Save the set for later.

#writon #writingcommunity #amwriting #storytelling #writersofinstagram"
"#writon #writingcommunity #amwriting #storytelling #writersofinstagram,Five panels"," 1080x1350 each. Cover: Three small ways to begin writing."
"Carousel implementation: combine the cover with item 1; use items 2-5 for panels 2-5. Single-card implementation: headline plus the three short lines; no carousel label.,save,"",not_applicable,If no audience submissions exist"," use this practice recap. Do not claim a community response or invent participation counts.,published,d:\VibeCode\WritOn-PowerUp\campaign\antigravity-2026-09-06-19\assets\day7\day7_main_feed_card.png,https://www.instagram.com/writon_socialapp/,19:32:06"
"7","2026-09-12","20:30","Asia/Kolkata","x","feed","card","1","en","Week-one practice recap","2609_d12_x_card_en_sprint2_pm_week_one_practice_recap","A quiet writing check-in: did you start a sentence, finish a paragraph, or return to an old draft this week? Any of those can be your next starting point.

#writon #writingcommunity #amwriting"
"#writon #writingcommunity #amwriting,1080x1080 second original card. Use the evening caption's practical idea as the headline. Do not reuse the morning caption or image unchanged.,save,"",not_applicable,If no audience submissions exist"," use this practice recap. Do not claim a community response or invent participation counts.,published,d:\VibeCode\WritOn-PowerUp\campaign\antigravity-2026-09-06-19\assets\day7\day7_pm_x_card.png,https://x.com/WritOn_Social/status/2098788770615292018,20:30:19"
"7","2026-09-12","20:45","Asia/Kolkata","ig","story","story","2","en","Week-one practice recap","2609_d12_ig_story_en_sprint2_evening_week_one_practice_recap","Three small ways to begin writing.

#writon #writingcommunity #amwriting #storytelling #writersofinstagram"
"#writon #writingcommunity #amwriting #storytelling #writersofinstagram,Two 1080x1920 Story canvases"," each containing an original rendered card. Frame 1: one useful detail from today's feed. Frame 2: the daily question or save/practice reminder. Do not show invented replies or counts. Localize this copy to en during review.,save,"",not_applicable,If no audience submissions exist"," use this practice recap. Do not claim a community response or invent participation counts.,published,d:\VibeCode\WritOn-PowerUp\campaign\antigravity-2026-09-06-19\assets\day7\day7_evening_story_frame_1.png;d:\VibeCode\WritOn-PowerUp\campaign\antigravity-2026-09-06-19\assets\day7\day7_evening_story_frame_2.png,https://www.instagram.com/writon_socialapp/,21:00:40"
"8","2026-09-13","09:00","Asia/Kolkata","x","feed","card","1","hi","Hindi dialogue challenge","2609_d13_x_card_hi_sprint2_am_hindi_dialogue_challenge","आज की चुनौती: दो लोग, एक खोई हुई चीज़। चार पंक्तियों के संवाद में दृश्य लिखिए। पहली पंक्ति क्या होगी?

#writon #हिंदीसाहित्य #लेखन"
"8","2026-09-13","12:30","Asia/Kolkata","ig","story","story","1","hi","Hindi dialogue challenge","2609_d13_ig_story_hi_sprint2_midday_hindi_dialogue_challenge","संवाद का माहौल कैसा हो?

#writon #हिंदीसाहित्य #लेखन #कहानी #writingcommunity"
"8","2026-09-13","19:30","Asia/Kolkata","ig","feed","card","1","hi","Hindi dialogue challenge","2609_d13_ig_card_hi_sprint2_main_hindi_dialogue_challenge","आज की छोटी चुनौती: दो लोग हैं और एक चीज़ खो गई है। सिर्फ़ चार पंक्तियों के संवाद में दृश्य लिखिए। शुरुआत कमेंट में साझा कर सकते हैं।

#writon #हिंदीसाहित्य #लेखन #कहानी #writingcommunity"
"8","2026-09-13","20:30","Asia/Kolkata","x","feed","video","1","en","Don't start with weather","2609_d13_x_video_en_sprint2_pm_dont_start_with_weather","Don't start with weather.

#writon #writingcommunity #amwriting"
"Start with someone folding a train receipt in half"," deciding something they cannot undo while the tea in their glass goes cold."
"8","2026-09-13","20:45","Asia/Kolkata","ig","story","story","2","hi","Hindi dialogue challenge","2609_d13_ig_story_hi_sprint2_evening_hindi_dialogue_challenge","आज सिर्फ़ चार पंक्तियों का संवाद लिखिए।

#writon #हिंदीसाहित्य #लेखन #कहानी #writingcommunity"
"#writon #हिंदीसाहित्य #लेखन #कहानी #writingcommunity,Two 1080x1920 Story canvases"," each containing an original rendered card. Frame 1: one useful detail from today's feed. Frame 2: the daily question or save/practice reminder. Do not show invented replies or counts. Localize this copy to hi during review.,participation,"",not_applicable,English: Two people. One missing object. Write a scene in four lines of dialogue.,published,d:\VibeCode\WritOn-PowerUp\campaign\antigravity-2026-09-06-19\assets\day8\day8_evening_story_frame_1.png;d:\VibeCode\WritOn-PowerUp\campaign\antigravity-2026-09-06-19\assets\day8\day8_evening_story_frame_2.png,https://www.instagram.com/writon_socialapp/,21:00:40"
"9","2026-09-14","09:00","Asia/Kolkata","x","feed","card","1","en","Verified writing walkthrough","2609_d14_x_card_en_sprint2_am_verified_writing_walkthrough","Before you open a draft, finish this sentence: “This scene changes when…” What changes in yours?

#writon #writingcommunity #amwriting"
"#writon #writingcommunity #amwriting,1080x1080 original card. Hook: From an idea to your next draft. Adapt it specifically to the morning caption; do not repeat the evening creative.,participation,"",not_applicable,If the live writing flow fails verification"," replace with a concept-to-paragraph exercise and remove all app screenshots and acquisition CTAs.,published,d:\VibeCode\WritOn-PowerUp\campaign\antigravity-2026-09-06-19\assets\day9\day9_am_x_card.png,https://x.com/WritOn_Social/status/2099339904207769908,09:00:36"
"9","2026-09-14","12:30","Asia/Kolkata","ig","story","story","1","en","Verified writing walkthrough","2609_d14_ig_story_en_sprint2_midday_verified_writing_walkthrough","Where do you get stuck?

#writon #writingcommunity #amwriting #storytelling #writersofinstagram"
"#writon #writingcommunity #amwriting #storytelling #writersofinstagram,One 1080x1920 Story canvas with a rendered 1080x1080 card placed inside safe margins. Question: Where do you get stuck? Poll choices if supported: Starting / Editing. No sticker automation workaround; otherwise use the question graphic.,poll,"",not_applicable,If the live writing flow fails verification"," replace with a concept-to-paragraph exercise and remove all app screenshots and acquisition CTAs.,published,d:\VibeCode\WritOn-PowerUp\campaign\antigravity-2026-09-06-19\assets\day9\day9_midday_story_frame.png,https://www.instagram.com/writon_socialapp/,12:31:06"
"9","2026-09-14","19:30","Asia/Kolkata","ig","feed","carousel","1","en","Verified writing walkthrough","2609_d14_ig_carousel_en_sprint2_main_verified_writing_walkthrough","Keep today's goal small: turn one idea into a paragraph. This walkthrough shows the current WritOn writing flow. Explore the app on Android through the link in our bio.

#writon #writingcommunity #amwriting #storytelling #writersofinstagram"
"#writon #writingcommunity #amwriting #storytelling #writersofinstagram,Five panels"," 1080x1350 each. Cover: From an idea to your next draft."
"Carousel implementation: combine the cover with item 1; use items 2-5 for panels 2-5. Single-card implementation: headline plus the three short lines; no carousel label.,app,"",not_applicable,If the live writing flow fails verification"," replace with a concept-to-paragraph exercise and remove all app screenshots and acquisition CTAs.,published,d:\VibeCode\WritOn-PowerUp\campaign\antigravity-2026-09-06-19\assets\day9\day9_main_feed_card.png,https://www.instagram.com/writon_socialapp/,19:30:36"
"9","2026-09-14","20:30","Asia/Kolkata","x","feed","card","1","en","Verified writing walkthrough","2609_d14_x_card_en_sprint2_pm_verified_writing_walkthrough","Tonight's writing goal: turn one sentence into one paragraph. Explore WritOn on Android:

#writon #writingcommunity #amwriting"
"#writon #writingcommunity #amwriting,1080x1080 second original card. Use the evening caption's practical idea as the headline. Do not reuse the morning caption or image unchanged.,app,https://writon.cc/go/2609_d14_x_card_en_sprint2_pm_verified_writing_walkthrough,UNVERIFIED_PROPOSED,If the live writing flow fails verification"," replace with a concept-to-paragraph exercise and remove all app screenshots and acquisition CTAs.,published,d:\VibeCode\WritOn-PowerUp\campaign\antigravity-2026-09-06-19\assets\day9\day9_pm_x_card.png,https://x.com/WritOn_Social/status/2099513558392607000,20:30:36"
"9","2026-09-14","20:45","Asia/Kolkata","ig","story","story","2","en","Verified writing walkthrough","2609_d14_ig_story_en_sprint2_evening_verified_writing_walkthrough","From an idea to your next draft.

#writon #writingcommunity #amwriting #storytelling #writersofinstagram"
"#writon #writingcommunity #amwriting #storytelling #writersofinstagram,Two 1080x1920 Story canvases"," each containing an original rendered card. Frame 1: one useful detail from today's feed. Frame 2: one verified Android app link sticker; label the destination accurately. Do not show invented replies or counts. Localize this copy to en during review.,app,https://writon.cc/go/2609_d14_ig_story_en_sprint2_evening_verified_writing_walkthrough,UNVERIFIED_PROPOSED,If the live writing flow fails verification"," replace with a concept-to-paragraph exercise and remove all app screenshots and acquisition CTAs.,published,d:\VibeCode\WritOn-PowerUp\campaign\antigravity-2026-09-06-19\assets\day9\day9_evening_story_frame_1.png;d:\VibeCode\WritOn-PowerUp\campaign\antigravity-2026-09-06-19\assets\day9\day9_evening_story_frame_2.png,https://www.instagram.com/writon_socialapp/,20:45:41"
"10","2026-09-15","09:00","Asia/Kolkata","x","feed","card","1","hi","Hindi unsent-letter prompt","2609_d15_x_card_hi_sprint2_am_unsent_letter_prompt","लेखन अभ्यास: “वह ख़त लिखा तो गया था, पर कभी भेजा नहीं गया।” क्यों? अगली दो पंक्तियाँ लिखिए।

#writon #हिंदीसाहित्य #लेखन"
"#writon #हिंदीसाहित्य #लेखन #amwriting,1080x1080 original card. Hook: वह ख़त लिखा तो गया था"," पर कभी भेजा नहीं गया। Adapt it specifically to the morning caption.,participation,"",not_applicable,English: The letter was written"," but never sent. Why? Write the next two sentences.,published,d:\VibeCode\WritOn-PowerUp\campaign\antigravity-2026-09-06-19\assets\day10\day10_am_x_card.png,https://x.com/WritOn_Social/status/2099702256535019856,09:00:23"
"10","2026-09-15","12:30","Asia/Kolkata","ig","story","story","1","hi","Hindi unsent-letter prompt","2609_d15_ig_story_hi_sprint2_midday_unsent_letter_prompt","ख़त का क्या हुआ?

#writon #हिंदीसाहित्य #लेखन #कहानी #writingcommunity","","","","","","published","d:\VibeCode\WritOn-PowerUp\campaign\antigravity-2026-09-06-19\assets\day10\day10_midday_story_frame.png","https://www.instagram.com/writon_socialapp/","12:31:12"
"#writon #हिंदीसाहित्य #लेखन #कहानी #writingcommunity,One 1080x1920 Story canvas with a rendered 1080x1080 card placed inside safe margins. Question: ख़त का क्या हुआ? Poll: संभाल कर रख लिया / जला दिया गया.,poll,"",not_applicable,English: The letter was written"," but never sent. Why? Write the next two sentences.,ready_for_dispatch,d:\VibeCode\WritOn-PowerUp\campaign\antigravity-2026-09-06-19\assets\day10\day10_midday_story_frame.png,"","""
"10","2026-09-15","19:30","Asia/Kolkata","ig","feed","card","1","hi","Hindi unsent-letter prompt","2609_d15_ig_card_hi_sprint2_main_unsent_letter_prompt","आज का लेखन अभ्यास: “वह ख़त लिखा तो गया था, पर कभी भेजा नहीं गया।” क्यों नहीं भेजा गया? अगली दो पंक्तियाँ कमेंट में लिखिए। यह WritOn का लेखन संकेत है।

#writon #हिंदीसाहित्य #लेखन #कहानी #writingcommunity","","","","","","published","d:\VibeCode\WritOn-PowerUp\campaign\antigravity-2026-09-06-19\assets\day10\day10_main_feed_card.png","https://www.instagram.com/writon_socialapp/","19:30:25"
"#writon #हिंदीसाहित्य #लेखन #कहानी #writingcommunity,One 1080x1080 card. Cover: वह ख़त लिखा तो गया था"," पर कभी भेजा नहीं गया। 3 Steps: 1. लिखने का कारण 2. न भेजने का डर 3. अधूरी बात।,participation,"",not_applicable,English: The letter was written"," but never sent. Why? Write the next two sentences.,ready_for_dispatch,d:\VibeCode\WritOn-PowerUp\campaign\antigravity-2026-09-06-19\assets\day10\day10_main_feed_card.png,"","""
"10","2026-09-15","20:30","Asia/Kolkata","x","feed","card","1","hi","Hindi unsent-letter prompt","2609_d15_x_card_hi_sprint2_pm_unsent_letter_prompt","एक किरदार जो बात कह नहीं पाता, वही कहानी को सबसे गहरा मोड़ देती है। आपके किरदार का अनकहा सच क्या है?

#writon #हिंदीसाहित्य #लेखन","","","","","","published","d:\VibeCode\WritOn-PowerUp\campaign\antigravity-2026-09-06-19\assets\day10\day10_pm_x_card.png","https://x.com/WritOn_Social/status/2099875902251483203","20:30:18"
"#writon #हिंदीसाहित्य #लेखन #amwriting,1080x1080 second original card. Headline: अनकहा सच ही कहानी को गहराई देता है।,participation,"",not_applicable,English: The letter was written"," but never sent. Why? Write the next two sentences.,ready_for_dispatch,d:\VibeCode\WritOn-PowerUp\campaign\antigravity-2026-09-06-19\assets\day10\day10_pm_x_card.png,"","""
"10","2026-09-15","20:45","Asia/Kolkata","ig","story","story","2","hi","Hindi unsent-letter prompt","2609_d15_ig_story_hi_sprint2_evening_unsent_letter_prompt","वह ख़त लिखा तो गया था, पर कभी भेजा नहीं गया।

#writon #हिंदीसाहित्य #लेखन #कहानी #writingcommunity","","","","","","published","d:\VibeCode\WritOn-PowerUp\campaign\antigravity-2026-09-06-19\assets\day10\day10_evening_story_frame_1.png;d:\VibeCode\WritOn-PowerUp\campaign\antigravity-2026-09-06-19\assets\day10\day10_evening_story_frame_2.png","https://www.instagram.com/writon_socialapp/","20:45:26"
"#writon #हिंदीसाहित्य #लेखन #कहानी #writingcommunity,Two 1080x1920 Story canvases. Frame 1: Reflection on unspoken letters. Frame 2: WritOn Android App CTA.,participation,"",not_applicable,English: The letter was written"," but never sent. Why? Write the next two sentences.,ready_for_dispatch,d:\VibeCode\WritOn-PowerUp\campaign\antigravity-2026-09-06-19\assets\day10\day10_evening_story_frame_1.png;d:\VibeCode\WritOn-PowerUp\campaign\antigravity-2026-09-06-19\assets\day10\day10_evening_story_frame_2.png,"","""
"11","2026-09-16","09:00","Asia/Kolkata","x","feed","card","1","hi","Hindi sensory writing","2609_d16_x_card_hi_sprint2_am_hindi_sensory_writing","लेखन अभ्यास: “गली सुनसान थी” में एक आवाज़ जोड़िए। आपके दृश्य में क्या सुनाई देगा?

#writon #हिंदीसाहित्य #लेखन","","","","","","published","d:\VibeCode\WritOn-PowerUp\campaign\antigravity-2026-09-06-19\assets\day11\day11_am_x_card.png","https://x.com/WritOn_Social/status/2100082929917685903","10:13:12"
"#writon #हिंदीसाहित्य #लेखन,1080x1080 original card. Hook: दृश्य को एक आवाज़ दीजिए। Adapt it specifically to the morning caption; do not repeat the evening creative.,save,"",not_applicable,English sensory-writing exercise"," with original examples"," if fluent Hindi review is unavailable.,ready_for_dispatch,d:\VibeCode\WritOn-PowerUp\campaign\antigravity-2026-09-06-19\assets\day11\day11_am_x_card.png,"","""
"11","2026-09-16","12:30","Asia/Kolkata","ig","story","story","1","hi","Hindi sensory writing","2609_d16_ig_story_hi_sprint2_midday_hindi_sensory_writing","दृश्य में क्या जोड़ेंगे?

#writon #हिंदीसाहित्य #लेखन #कहानी #writingcommunity","","","","","","published","d:\VibeCode\WritOn-PowerUp\campaign\antigravity-2026-09-06-19\assets\day11\day11_midday_story_frame.png","https://www.instagram.com/writon_socialapp/","12:31:12"
"#writon #हिंदीसाहित्य #लेखन #कहानी #writingcommunity,One 1080x1920 Story canvas with a rendered 1080x1080 card placed inside safe margins. Question: दृश्य में क्या जोड़ेंगे? Poll choices if supported: बारिश की आवाज़ / कदमों की आहट. No sticker automation workaround; otherwise use the question graphic.,poll,"",not_applicable,English sensory-writing exercise"," with original examples"," if fluent Hindi review is unavailable.,ready_for_dispatch,d:\VibeCode\WritOn-PowerUp\campaign\antigravity-2026-09-06-19\assets\day11\day11_midday_story_frame.png,"","""
"11","2026-09-16","19:30","Asia/Kolkata","ig","feed","carousel","1","hi","Hindi sensory writing","2609_d16_ig_carousel_hi_sprint2_main_hindi_sensory_writing","कभी-कभी एक आवाज़ पूरा दृश्य बना देती है। स्वाइप करके WritOn का उदाहरण पढ़िए। अपने अगले दृश्य में सिर्फ़ एक आवाज़ जोड़कर देखिए। यह अभ्यास बाद के लिए सेव कर सकते हैं।

#writon #हिंदीसाहित्य #लेखन #कहानी #writingcommunity","","","","","","published","d:\VibeCode\WritOn-PowerUp\campaign\antigravity-2026-09-06-19\assets\day11\day11_carousel_slide_1.png;d:\VibeCode\WritOn-PowerUp\campaign\antigravity-2026-09-06-19\assets\day11\day11_carousel_slide_2.png;d:\VibeCode\WritOn-PowerUp\campaign\antigravity-2026-09-06-19\assets\day11\day11_carousel_slide_3.png;d:\VibeCode\WritOn-PowerUp\campaign\antigravity-2026-09-06-19\assets\day11\day11_carousel_slide_4.png;d:\VibeCode\WritOn-PowerUp\campaign\antigravity-2026-09-06-19\assets\day11\day11_carousel_slide_5.png","https://www.instagram.com/writon_socialapp/","19:30:46"
"#writon #हिंदीसाहित्य #लेखन #कहानी #writingcommunity,Five panels"," 1080x1350 each. Cover: दृश्य को एक आवाज़ दीजिए।"
"Carousel implementation: combine the cover with item 1; use items 2-5 for panels 2-5. Single-card implementation: headline plus the three short lines; no carousel label.,save,"",not_applicable,English sensory-writing exercise"," with original examples"," if fluent Hindi review is unavailable.,ready_for_dispatch,d:\VibeCode\WritOn-PowerUp\campaign\antigravity-2026-09-06-19\assets\day11\day11_carousel_slide_1.png;d:\VibeCode\WritOn-PowerUp\campaign\antigravity-2026-09-06-19\assets\day11\day11_carousel_slide_2.png;d:\VibeCode\WritOn-PowerUp\campaign\antigravity-2026-09-06-19\assets\day11\day11_carousel_slide_3.png;d:\VibeCode\WritOn-PowerUp\campaign\antigravity-2026-09-06-19\assets\day11\day11_carousel_slide_4.png;d:\VibeCode\WritOn-PowerUp\campaign\antigravity-2026-09-06-19\assets\day11\day11_carousel_slide_5.png,"","""
"11","2026-09-16","20:30","Asia/Kolkata","x","feed","card","1","hi","Hindi sensory writing","2609_d16_x_card_hi_sprint2_pm_hindi_sensory_writing","आज अपना एक पैराग्राफ़ पढ़िए। क्या उसमें सब कुछ सिर्फ़ दिख रहा है? एक आवाज़ जोड़कर देखिए, फिर तय कीजिए कि दृश्य बेहतर हुआ या नहीं।

#writon #हिंदीसाहित्य #लेखन","","","","","","published","d:\VibeCode\WritOn-PowerUp\campaign\antigravity-2026-09-06-19\assets\day11\day11_pm_x_card.png","https://x.com/WritOn_Social/status/2100238282521276586","20:30:15"
"#writon #हिंदीसाहित्य #लेखन,1080x1080 second original card. Use the evening caption's practical idea as the headline. Do not reuse the morning caption or image unchanged.,save,"",not_applicable,English sensory-writing exercise"," with original examples"," if fluent Hindi review is unavailable.,ready_for_dispatch,d:\VibeCode\WritOn-PowerUp\campaign\antigravity-2026-09-06-19\assets\day11\day11_pm_x_card.png,"","""
"11","2026-09-16","20:45","Asia/Kolkata","ig","story","story","2","hi","Hindi sensory writing","2609_d16_ig_story_hi_sprint2_evening_hindi_sensory_writing","दृश्य को एक आवाज़ दीजिए।

#writon #हिंदीसाहित्य #लेखन #कहानी #writingcommunity","","","","","","published","d:\VibeCode\WritOn-PowerUp\campaign\antigravity-2026-09-06-19\assets\day11\day11_evening_story_frame_1.png;d:\VibeCode\WritOn-PowerUp\campaign\antigravity-2026-09-06-19\assets\day11\day11_evening_story_frame_2.png","https://www.instagram.com/writon_socialapp/","20:45:29"
"#writon #हिंदीसाहित्य #लेखन #कहानी #writingcommunity,Two 1080x1920 Story canvases"," each containing an original rendered card. Frame 1: one useful detail from today's feed. Frame 2: the daily question or save/practice reminder. Do not show invented replies or counts. Localize this copy to hi during review.,save,"",not_applicable,English sensory-writing exercise"," with original examples"," if fluent Hindi review is unavailable.,ready_for_dispatch,d:\VibeCode\WritOn-PowerUp\campaign\antigravity-2026-09-06-19\assets\day11\day11_evening_story_frame_1.png;d:\VibeCode\WritOn-PowerUp\campaign\antigravity-2026-09-06-19\assets\day11\day11_evening_story_frame_2.png,"","""
"12","2026-09-17","09:00","Asia/Kolkata","x","feed","card","1","en","One scene, two perspectives; optional verified author feature","2609_d17_x_card_en_sprint2_am_one_scene_two_perspectives","One person arrives late. One has been waiting. Write the first line from either person's point of view.

#writon #writingcommunity #amwriting","","","","","","published","d:\VibeCode\WritOn-PowerUp\campaign\antigravity-2026-09-06-19\assets\day12\day12_am_x_card.png","https://x.com/WritOn_Social/status/2100427031804809552","09:13:15"
"12","2026-09-17","12:30","Asia/Kolkata","ig","story","story","1","en","One scene, two perspectives; optional verified author feature","2609_d17_ig_story_en_sprint2_midday_one_scene_two_perspectives","Whose story comes first?

#writon #writingcommunity #amwriting #storytelling #writersofinstagram","","","","","","published","d:\VibeCode\WritOn-PowerUp\campaign\antigravity-2026-09-06-19\assets\day12\day12_midday_story_frame.png","https://www.instagram.com/writon_socialapp/","12:30:00"
"12","2026-09-17","19:30","Asia/Kolkata","ig","feed","carousel","1","en","One scene, two perspectives; optional verified author feature","2609_d17_ig_carousel_en_sprint2_main_one_scene_two_perspectives","The person waiting and the person arriving may remember the same moment differently. Write one line from each point of view. Which voice would you follow into a story?

#writon #writingcommunity #amwriting #storytelling #writersofinstagram","","","","","","published","d:\VibeCode\WritOn-PowerUp\campaign\antigravity-2026-09-06-19\assets\day12\day12_carousel_slide_1.png;d:\VibeCode\WritOn-PowerUp\campaign\antigravity-2026-09-06-19\assets\day12\day12_carousel_slide_2.png;d:\VibeCode\WritOn-PowerUp\campaign\antigravity-2026-09-06-19\assets\day12\day12_carousel_slide_3.png;d:\VibeCode\WritOn-PowerUp\campaign\antigravity-2026-09-06-19\assets\day12\day12_carousel_slide_4.png;d:\VibeCode\WritOn-PowerUp\campaign\antigravity-2026-09-06-19\assets\day12\day12_carousel_slide_5.png","https://www.instagram.com/writon_socialapp/","19:30:01"
"#writon #writingcommunity #amwriting #storytelling #writersofinstagram,Five panels"," 1080x1350 each. Cover: The same moment can tell two stories."
"12","2026-09-17","20:30","Asia/Kolkata","x","feed","card","1","en","One scene, two perspectives; optional verified author feature","2609_d17_x_card_en_sprint2_pm_one_scene_two_perspectives","Point-of-view exercise: rewrite a small moment through the eyes of the person who seems least important. What do they notice?

#writon #writingcommunity #amwriting","","","","","","published","d:\VibeCode\WritOn-PowerUp\campaign\antigravity-2026-09-06-19\assets\day12\day12_pm_x_card.png","https://x.com/WritOn_Social/status/2100430143303139790","20:30:01"
"12","2026-09-17","20:45","Asia/Kolkata","ig","story","story","2","en","One scene, two perspectives; optional verified author feature","2609_d17_ig_story_en_sprint2_evening_one_scene_two_perspectives","The same moment can tell two stories.

#writon #writingcommunity #amwriting #storytelling #writersofinstagram","","","","","","published","d:\VibeCode\WritOn-PowerUp\campaign\antigravity-2026-09-06-19\assets\day12\day12_evening_story_frame_1.png;d:\VibeCode\WritOn-PowerUp\campaign\antigravity-2026-09-06-19\assets\day12\day12_evening_story_frame_2.png","https://www.instagram.com/writon_socialapp/","20:45:00"
"#writon #writingcommunity #amwriting #storytelling #writersofinstagram,Two 1080x1920 Story canvases"," each containing an original rendered card. Frame 1: one useful detail from today's feed. Frame 2: the daily question or save/practice reminder. Do not show invented replies or counts. Localize this copy to en during review.,participation,"",not_applicable,Default to this original exercise. Replace with a second consent-cleared author feature only when its full evidence and destination are verified.,ready_for_dispatch,d:\VibeCode\WritOn-PowerUp\campaign\antigravity-2026-09-06-19\assets\day12\day12_evening_story_frame_1.png;d:\VibeCode\WritOn-PowerUp\campaign\antigravity-2026-09-06-19\assets\day12\day12_evening_story_frame_2.png,"","""
"13","2026-09-18","09:00","Asia/Kolkata","x","feed","card","1","en","Find your next read","2609_d18_x_card_en_sprint2_am_find_your_next_read","For your next read, would you choose a familiar setting or somewhere completely new?

#writon #writingcommunity #amwriting","","","","","","published","campaign/antigravity-2026-09-06-19/assets/day13/day13_am_x_card.png","https://x.com/WritOn_Social/status/2100916822619160773","09:00:00"
"#writon #writingcommunity #amwriting,1080x1080 original card. Hook: Choose a mood for your next read. Adapt it specifically to the morning caption; do not repeat the evening creative.,participation,"",not_applicable,If screen content or rights cannot be verified"," make an original reading-choice guide with no story names"," screenshots"," or app CTA.,planned_draft,"","","""
"13","2026-09-18","12:30","Asia/Kolkata","ig","story","story","1","en","Find your next read","2609_d18_ig_story_en_sprint2_midday_find_your_next_read","What would you read tonight?

#writon #writingcommunity #amwriting #storytelling #writersofinstagram","","","","","","published","d:\VibeCode\WritOn-PowerUp\campaign\antigravity-2026-09-06-19\assets\day13\day13_midday_story_frame.png","https://www.instagram.com/writon_socialapp/","12:30:20"
"#writon #writingcommunity #amwriting #storytelling #writersofinstagram,One 1080x1920 Story canvas with a rendered 1080x1080 card placed inside safe margins. Question: What would you read tonight? Poll choices if supported: Something hopeful / A mystery. No sticker automation workaround; otherwise use the question graphic.,poll,"",not_applicable,If screen content or rights cannot be verified"," make an original reading-choice guide with no story names"," screenshots"," or app CTA.,planned_draft,"","","""
"13","2026-09-18","19:30","Asia/Kolkata","ig","feed","carousel","1","en","Find your next read","2609_d18_ig_carousel_en_sprint2_main_find_your_next_read","Choose the language you want to read and a mood you are curious about. This guide shows the current WritOn discovery experience. Explore the app on Android through the link in our bio.

#writon #writingcommunity #amwriting #storytelling #writersofinstagram","","","","","","published","d:\VibeCode\WritOn-PowerUp\campaign\antigravity-2026-09-06-19\assets\day13\day13_carousel_slide_1.png;d:\VibeCode\WritOn-PowerUp\campaign\antigravity-2026-09-06-19\assets\day13\day13_carousel_slide_2.png;d:\VibeCode\WritOn-PowerUp\campaign\antigravity-2026-09-06-19\assets\day13\day13_carousel_slide_3.png;d:\VibeCode\WritOn-PowerUp\campaign\antigravity-2026-09-06-19\assets\day13\day13_carousel_slide_4.png;d:\VibeCode\WritOn-PowerUp\campaign\antigravity-2026-09-06-19\assets\day13\day13_carousel_slide_5.png","https://www.instagram.com/writon_socialapp/","19:30:51"
"#writon #writingcommunity #amwriting #storytelling #writersofinstagram,Five panels"," 1080x1350 each. Cover: Choose a mood for your next read."
"3. Show current"," verified WritOn discovery screens."
"Carousel implementation: combine the cover with item 1; use items 2-5 for panels 2-5. Single-card implementation: headline plus the three short lines; no carousel label.,app,"",not_applicable,If screen content or rights cannot be verified"," make an original reading-choice guide with no story names"," screenshots"," or app CTA.,planned_draft,"","","""
"13","2026-09-18","20:30","Asia/Kolkata","x","feed","card","1","en","Find your next read","2609_d18_x_card_en_sprint2_pm_find_your_next_read","Choose the language and mood for your next read. Explore stories and poetry on WritOn for Android:

#writon #writingcommunity #amwriting","","","","","","ready_for_dispatch","campaign/antigravity-2026-09-06-19/assets/day13/day13_pm_x_card.png"
"#writon #writingcommunity #amwriting,1080x1080 second original card. Use the evening caption's practical idea as the headline. Do not reuse the morning caption or image unchanged.,app,https://writon.cc/go/2609_d18_x_card_en_sprint2_pm_find_your_next_read,UNVERIFIED_PROPOSED,If screen content or rights cannot be verified"," make an original reading-choice guide with no story names"," screenshots"," or app CTA.,planned_draft,"","","""
"13","2026-09-18","20:45","Asia/Kolkata","ig","story","story","2","en","Find your next read","2609_d18_ig_story_en_sprint2_evening_find_your_next_read","Choose a mood for your next read.

#writon #writingcommunity #amwriting #storytelling #writersofinstagram","","","","","","published","d:\VibeCode\WritOn-PowerUp\campaign\antigravity-2026-09-06-19\assets\day13\day13_evening_story_frame_1.png;d:\VibeCode\WritOn-PowerUp\campaign\antigravity-2026-09-06-19\assets\day13\day13_evening_story_frame_2.png","https://www.instagram.com/writon_socialapp/","20:45:27"
"#writon #writingcommunity #amwriting #storytelling #writersofinstagram,Two 1080x1920 Story canvases"," each containing an original rendered card. Frame 1: one useful detail from today's feed. Frame 2: one verified Android app link sticker; label the destination accurately. Do not show invented replies or counts. Localize this copy to en during review.,app,https://writon.cc/go/2609_d18_ig_story_en_sprint2_evening_find_your_next_read,UNVERIFIED_PROPOSED,If screen content or rights cannot be verified"," make an original reading-choice guide with no story names"," screenshots"," or app CTA.,planned_draft,"","","""
"14","2026-09-19","09:00","Asia/Kolkata","x","feed","card","1","hi","Two-week recap and next preference","2609_d19_x_card_hi_sprint2_am_two_week_recap_and_next_preference","अगली कहानी की शुरुआत चुनिए: एक दस्तक, एक खोई हुई चीज़ या चुप्पी तोड़ती आवाज़। उससे दो पंक्तियाँ लिखिए।

#writon #हिंदीसाहित्य #लेखन","","","","","","ready_for_dispatch","campaign/antigravity-2026-09-06-19/assets/day14/day14_am_x_card.png"
"14","2026-09-19","12:30","Asia/Kolkata","ig","story","story","1","hi","Two-week recap and next preference","2609_d19_ig_story_hi_sprint2_midday_two_week_recap_and_next_preference","अगला अभ्यास क्या हो?

#writon #हिंदीसाहित्य #लेखन #कहानी #writingcommunity","","","","","","ready_for_dispatch","campaign/antigravity-2026-09-06-19/assets/day14/day14_midday_story_frame.png"
"14","2026-09-19","19:30","Asia/Kolkata","ig","feed","carousel","1","hi","Two-week recap and next preference","2609_d19_ig_carousel_hi_sprint2_main_two_week_recap_and_next_preference","इन दो हफ्तों के अभ्यासों में से एक शुरुआत चुनिए: दस्तक, खोई हुई चीज़ या चुप्पी तोड़ती आवाज़। उससे दो पंक्तियाँ लिखिए। अगले सप्ताह किस तरह का लेखन अभ्यास चाहेंगे?

#writon #हिंदीसाहित्य #लेखन #कहानी #writingcommunity","","","","","","ready_for_dispatch","campaign/antigravity-2026-09-06-19/assets/day14/day14_carousel_slide_1.png;campaign/antigravity-2026-09-06-19/assets/day14/day14_carousel_slide_2.png;campaign/antigravity-2026-09-06-19/assets/day14/day14_carousel_slide_3.png;campaign/antigravity-2026-09-06-19/assets/day14/day14_carousel_slide_4.png;campaign/antigravity-2026-09-06-19/assets/day14/day14_carousel_slide_5.png"
"#writon #हिंदीसाहित्य #लेखन #कहानी #writingcommunity,Five panels"," 1080x1350 each. Cover: अगली कहानी की शुरुआत किससे करें?"
"3. एक ऐसी आवाज़"," जो चुप्पी तोड़ दे।"
"14","2026-09-19","20:30","Asia/Kolkata","x","feed","card","1","hi","Two-week recap and next preference","2609_d19_x_card_hi_sprint2_pm_two_week_recap_and_next_preference","अगले सप्ताह किस तरह के लेखन अभ्यास चाहेंगे: संवाद, कविता या कहानी की शुरुआत? अपनी पसंद बताइए।

#writon #हिंदीसाहित्य #लेखन","","","","","","ready_for_dispatch","campaign/antigravity-2026-09-06-19/assets/day14/day14_pm_x_card.png"
"14","2026-09-19","20:45","Asia/Kolkata","ig","story","story","2","hi","Two-week recap and next preference","2609_d19_ig_story_hi_sprint2_evening_two_week_recap_and_next_preference","अगली कहानी की शुरुआत किससे करें?

#writon #हिंदीसाहित्य #लेखन #कहानी #writingcommunity","","","","","","ready_for_dispatch","campaign/antigravity-2026-09-06-19/assets/day14/day14_evening_story_frame_1.png;campaign/antigravity-2026-09-06-19/assets/day14/day14_evening_story_frame_2.png"
"#writon #हिंदीसाहित्य #लेखन #कहानी #writingcommunity,Two 1080x1920 Story canvases"," each containing an original rendered card. Frame 1: one useful detail from today's feed. Frame 2: the daily question or save/practice reminder. Do not show invented replies or counts. Localize this copy to hi during review.,participation,"",not_applicable,Publish the exercise recap even with zero entries; include community excerpts only with explicit reuse permission. Use reviewed English fallback if needed.,planned_draft,"","","""
