"day","date","platform","slot","content_type","language","caption_theme","delivery_id","status","posted_url","notes"
"1","2026-09-01","ig","feed","post","en","Brand manifesto Reel","2609_d01_ig_post_en_brand_manifesto_reel","published","https://www.instagram.com/p/Dcq9l3WErFf/",""
"1","2026-09-01","ig_story","story","story","en","Brand manifesto Reel","2609_d01_ig_story_story_en_brand_manifesto_reel","published","https://www.instagram.com/writon_socialapp/","Story active"
"1","2026-09-01","threads","feed","post","en","Brand manifesto Reel","2609_d01_threads_post_en_brand_manifesto_reel","published","https://www.threads.net/@writon_socialapp","Cross-posted"
"1","2026-09-01","x","feed","post","en","Brand manifesto Reel","2609_d01_x_post_en_brand_manifesto_reel","published","https://x.com/WritOn_Social/status/2094115986521940305",""
"1","2026-09-01","founder","feed","post","en","Brand manifesto Reel","2609_d01_founder_post_en_brand_manifesto_reel","idea","",""
"2","2026-09-02","ig","feed","post","en","FOMO: In 6 months you'll wish you started + Pen Name Claim","2609_d02_ig_post_en_editor_demo_reel","scheduled","","Ready to post"
"2","2026-09-02","ig_story","story","story","en","FOMO: In 6 months you'll wish you started + Pen Name Claim","2609_d02_ig_story_story_en_editor_demo_reel","scheduled","","Story link active"
"2","2026-09-02","threads","feed","post","en","FOMO: Substack 2018 vs WritOn 2026","2609_d02_threads_post_en_editor_demo_reel","scheduled","","Ready to post"
"2","2026-09-02","x","feed","post","en","FOMO: Substack 2018 vs WritOn 2026","2609_d02_x_post_en_editor_demo_reel","scheduled","","Ready to post"
"2","2026-09-02","pin","feed","pin","en","FOMO: Stop burying writing in Notes app","2609_d02_pin_pin_en_editor_demo_reel","scheduled","","Ready to post"
"3","2026-09-03","ig","feed","post","hi","Verified poem/quote carousel","2609_d03_ig_post_hi_verified_poem_quote","ready_to_post","","5-slide visual carousel generated at campaign/assets/day3/"
"3","2026-09-03","ig_story","story","story","hi","Verified poem/quote carousel","2609_d03_ig_story_story_hi_verified_poem_quote","ready_to_post","","Story link active"
"3","2026-09-03","threads","feed","post","hi","Verified poem/quote carousel","2609_d03_threads_post_hi_verified_poem_quote","ready_to_post","","Ready with visual cards & Delhi hashtags"
"3","2026-09-03","x","feed","post","hi","Verified poem/quote carousel","2609_d03_x_post_hi_verified_poem_quote","ready_to_post","","Ready with visual cards & Delhi hashtags"
"3","2026-09-03","pin","feed","pin","hi","Verified poem/quote carousel","2609_d03_pin_pin_hi_verified_poem_quote","ready_to_post","","Ready with vertical card"
"4","2026-09-04","ig","feed","carousel","en","FOMO: The Golden Window (5 Archetype Cards)","2609_d04_ig_carousel_en_fomo","published","https://www.instagram.com/p/Dc3p_published/","Media ID: 18113465488791737"
"4","2026-09-04","ig_story","story","story","en","FOMO: The Golden Window","2609_d04_ig_story_story_en_fomo","published","https://www.instagram.com/writon_socialapp/","Story active (ID: 18125107543701442)"
"4","2026-09-04","threads","feed","post","en","FOMO: The Golden Window","2609_d04_threads_post_en_fomo","published","https://www.threads.net/@writon_socialapp","Post ID: 18623304844058676"
"4","2026-09-04","x","feed","post","en","FOMO: The Golden Window (Visual Card + Threaded Link)","2609_d04_x_post_en_fomo","published","https://x.com/WritOn_Social/status/2095963606554943960","Reply ID: 2095963649651462150"
"5","2026-09-05","ig","feed","carousel","en","Author Spotlight: Devansh Roy (5 Archetype Cards)","2609_d05_ig_carousel_en_author_spotlight","published","https://www.instagram.com/writon_socialapp/","Post ID: 17967945285154014"
"5","2026-09-05","ig_story","story","story","en","Author Spotlight: Devansh Roy","2609_d05_ig_story_story_en_author_spotlight","published","https://www.instagram.com/writon_socialapp/","Story active (ID: 18633919555036097)"
"5","2026-09-05","threads","feed","post","en","Author Spotlight: Devansh Roy","2609_d05_threads_post_en_author_spotlight","published","https://www.threads.net/@writon_socialapp","Post ID: 18359488465246358"
"5","2026-09-05","x","feed","post","en","Author Spotlight: Devansh Roy (Visual Card + Threaded Link)","2609_d05_x_post_en_author_spotlight","published","https://x.com/WritOn_Social/status/2096080964791459895","Reply ID: 2096080967073223038"
"5","2026-09-05","pin","feed","pin","en","Author spotlight","2609_d05_pin_pin_en_author_spotlight","idea","",""
"5","2026-09-05","founder","feed","post","en","Author spotlight","2609_d05_founder_post_en_author_spotlight","idea","",""
"6","2026-09-06","x","09:00","card","en","Start with one paragraph","2609_d06_x_card_en_sprint2_am_start_with_one_paragraph","planned_draft","","1080x1080 original card. Hook: Your first story can start with one paragraph. Adapt it specifically to the morning caption; do not repeat the evening creative."
"6","2026-09-06","ig","12:30","story","en","Start with one paragraph","2609_d06_ig_story_en_sprint2_midday_start_with_one_paragraph","planned_draft","","One 1080x1920 Story canvas with a rendered 1080x1080 card placed inside safe margins. Question: What brings you here? Poll choices if supported: Reading / Writing. No sticker automation workaround; otherwise use the question graphic."
"6","2026-09-06","ig","19:30","carousel","en","Start with one paragraph","2609_d06_ig_carousel_en_sprint2_main_start_with_one_paragraph","planned_draft","","Five panels, 1080x1350 each. Cover: Your first story can start with one paragraph.
1. You do not need a finished book to begin.
2. Choose one character, one place, and one thing they want.
3. Write 50 words before editing. This is a suggested exercise, not an app limit.
4. Show a current, verified WritOn writing screen.
5. Explore WritOn on Android. Start with one paragraph.
Carousel implementation: combine the cover with item 1; use items 2-5 for panels 2-5. Single-card implementation: headline plus the three short lines; no carousel label."
"6","2026-09-06","x","20:30","card","en","Start with one paragraph","2609_d06_x_card_en_sprint2_pm_start_with_one_paragraph","planned_draft","","1080x1080 second original card. Use the evening caption's practical idea as the headline. Do not reuse the morning caption or image unchanged."
"6","2026-09-06","ig","20:45","story","en","Start with one paragraph","2609_d06_ig_story_en_sprint2_evening_start_with_one_paragraph","planned_draft","","Two 1080x1920 Story canvases, each containing an original rendered card. Frame 1: one useful detail from today's feed. Frame 2: one verified Android app link sticker; label the destination accurately. Do not show invented replies or counts. Localize this copy to en during review."
"7","2026-09-07","x","09:00","card","hi","Hindi opening-line prompt","2609_d07_x_card_hi_sprint2_am_hindi_opening_line_prompt","planned_draft","","1080x1080 original card. Hook: दरवाज़े पर दस्तक हुई, पर बाहर कोई नहीं था। Adapt it specifically to the morning caption; do not repeat the evening creative."
"7","2026-09-07","ig","12:30","story","hi","Hindi opening-line prompt","2609_d07_ig_story_hi_sprint2_midday_hindi_opening_line_prompt","planned_draft","","One 1080x1920 Story canvas with a rendered 1080x1080 card placed inside safe margins. Question: आप क्या पढ़ना पसंद करेंगे? Poll choices if supported: रहस्य / कविता. No sticker automation workaround; otherwise use the question graphic."
"7","2026-09-07","ig","19:30","card","hi","Hindi opening-line prompt","2609_d07_ig_card_hi_sprint2_main_hindi_opening_line_prompt","planned_draft","","One 1080x1080 card. Cover: दरवाज़े पर दस्तक हुई, पर बाहर कोई नहीं था।
1. लेखन अभ्यास
2. इस शुरुआत के बाद कहानी में क्या होता है?
3. अगली दो पंक्तियाँ लिखिए।
Carousel implementation: combine the cover with item 1; use items 2-5 for panels 2-5. Single-card implementation: headline plus the three short lines; no carousel label."
"7","2026-09-07","x","20:30","card","hi","Hindi opening-line prompt","2609_d07_x_card_hi_sprint2_pm_hindi_opening_line_prompt","planned_draft","","1080x1080 second original card. Use the evening caption's practical idea as the headline. Do not reuse the morning caption or image unchanged."
"7","2026-09-07","ig","20:45","story","hi","Hindi opening-line prompt","2609_d07_ig_story_hi_sprint2_evening_hindi_opening_line_prompt","planned_draft","","Two 1080x1920 Story canvases, each containing an original rendered card. Frame 1: one useful detail from today's feed. Frame 2: the daily question or save/practice reminder. Do not show invented replies or counts. Localize this copy to hi during review."
"8","2026-09-08","x","09:00","card","en","Show emotion through action","2609_d08_x_card_en_sprint2_am_show_emotion_through_action","planned_draft","","1080x1080 original card. Hook: Show the worry before you name it. Adapt it specifically to the morning caption; do not repeat the evening creative."
"8","2026-09-08","ig","12:30","story","en","Show emotion through action","2609_d08_ig_story_en_sprint2_midday_show_emotion_through_action","planned_draft","","One 1080x1920 Story canvas with a rendered 1080x1080 card placed inside safe margins. Question: What do you notice first in a scene? Poll choices if supported: Dialogue / Small actions. No sticker automation workaround; otherwise use the question graphic."
"8","2026-09-08","ig","19:30","carousel","en","Show emotion through action","2609_d08_ig_carousel_en_sprint2_main_show_emotion_through_action","planned_draft","","Five panels, 1080x1350 each. Cover: Show the worry before you name it.
1. Flat example: She was nervous.
2. Brand-written example: She folded the same receipt until it split.
3. A gesture can suggest emotion without naming it.
4. Try changing He was happy into one visible action.
5. Save this exercise for your next draft.
Carousel implementation: combine the cover with item 1; use items 2-5 for panels 2-5. Single-card implementation: headline plus the three short lines; no carousel label."
"8","2026-09-08","x","20:30","card","en","Show emotion through action","2609_d08_x_card_en_sprint2_pm_show_emotion_through_action","planned_draft","","1080x1080 second original card. Use the evening caption's practical idea as the headline. Do not reuse the morning caption or image unchanged."
"8","2026-09-08","ig","20:45","story","en","Show emotion through action","2609_d08_ig_story_en_sprint2_evening_show_emotion_through_action","planned_draft","","Two 1080x1920 Story canvases, each containing an original rendered card. Frame 1: one useful detail from today's feed. Frame 2: the daily question or save/practice reminder. Do not show invented replies or counts. Localize this copy to en during review."
"9","2026-09-09","x","09:00","card","mr","Marathi memory prompt","2609_d09_x_card_mr_sprint2_am_marathi_memory_prompt","planned_draft","","1080x1080 original card. Hook: पावसाचा वास आला आणि एक जुनी आठवण जागी झाली. Adapt it specifically to the morning caption; do not repeat the evening creative."
"9","2026-09-09","ig","12:30","story","mr","Marathi memory prompt","2609_d09_ig_story_mr_sprint2_midday_marathi_memory_prompt","planned_draft","","One 1080x1920 Story canvas with a rendered 1080x1080 card placed inside safe margins. Question: कथेची सुरुवात कशातून कराल? Poll choices if supported: आठवण / कल्पना. No sticker automation workaround; otherwise use the question graphic."
"9","2026-09-09","ig","19:30","card","mr","Marathi memory prompt","2609_d09_ig_card_mr_sprint2_main_marathi_memory_prompt","planned_draft","","One 1080x1080 card. Cover: पावसाचा वास आला आणि एक जुनी आठवण जागी झाली.
1. लेखन सराव
2. ती आठवण कोणती होती?
3. पुढची दोन वाक्ये लिहा.
Carousel implementation: combine the cover with item 1; use items 2-5 for panels 2-5. Single-card implementation: headline plus the three short lines; no carousel label."
"9","2026-09-09","x","20:30","card","mr","Marathi memory prompt","2609_d09_x_card_mr_sprint2_pm_marathi_memory_prompt","planned_draft","","1080x1080 second original card. Use the evening caption's practical idea as the headline. Do not reuse the morning caption or image unchanged."
"9","2026-09-09","ig","20:45","story","mr","Marathi memory prompt","2609_d09_ig_story_mr_sprint2_evening_marathi_memory_prompt","planned_draft","","Two 1080x1920 Story canvases, each containing an original rendered card. Frame 1: one useful detail from today's feed. Frame 2: the daily question or save/practice reminder. Do not show invented replies or counts. Localize this copy to mr during review."
"10","2026-09-10","x","09:00","card","en","Opening-line lab; optional verified author feature","2609_d10_x_card_en_sprint2_am_opening_line_lab","planned_draft","","1080x1080 original card. Hook: Give an ordinary place one unexpected detail. Adapt it specifically to the morning caption; do not repeat the evening creative."
"10","2026-09-10","ig","12:30","story","en","Opening-line lab; optional verified author feature","2609_d10_ig_story_en_sprint2_midday_opening_line_lab","planned_draft","","One 1080x1920 Story canvas with a rendered 1080x1080 card placed inside safe margins. Question: Which setting would you choose? Poll choices if supported: A station / An old house. No sticker automation workaround; otherwise use the question graphic."
"10","2026-09-10","ig","19:30","carousel","en","Opening-line lab; optional verified author feature","2609_d10_ig_carousel_en_sprint2_main_opening_line_lab","planned_draft","","Five panels, 1080x1350 each. Cover: Give an ordinary place one unexpected detail.
1. Choose a familiar place: a kitchen, a station, or a classroom.
2. Add one detail that does not belong.
3. Brand-written example: The kettle whistled in a house with no electricity.
4. Write the next two lines without explaining everything.
5. Try the exercise in your next draft.
Carousel implementation: combine the cover with item 1; use items 2-5 for panels 2-5. Single-card implementation: headline plus the three short lines; no carousel label."
"10","2026-09-10","x","20:30","card","en","Opening-line lab; optional verified author feature","2609_d10_x_card_en_sprint2_pm_opening_line_lab","planned_draft","","1080x1080 second original card. Use the evening caption's practical idea as the headline. Do not reuse the morning caption or image unchanged."
"10","2026-09-10","ig","20:45","story","en","Opening-line lab; optional verified author feature","2609_d10_ig_story_en_sprint2_evening_opening_line_lab","planned_draft","","Two 1080x1920 Story canvases, each containing an original rendered card. Frame 1: one useful detail from today's feed. Frame 2: the daily question or save/practice reminder. Do not show invented replies or counts. Localize this copy to en during review."
"11","2026-09-11","x","09:00","card","en","Reader preferences","2609_d11_x_card_en_sprint2_am_reader_preferences","planned_draft","","1080x1080 original card. Hook: What makes you read the next page? Adapt it specifically to the morning caption; do not repeat the evening creative."
"11","2026-09-11","ig","12:30","story","en","Reader preferences","2609_d11_ig_story_en_sprint2_midday_reader_preferences","planned_draft","","One 1080x1920 Story canvas with a rendered 1080x1080 card placed inside safe margins. Question: Tonight's reading mood? Poll choices if supported: A short story / A poem. No sticker automation workaround; otherwise use the question graphic."
"11","2026-09-11","ig","19:30","carousel","en","Reader preferences","2609_d11_ig_carousel_en_sprint2_main_reader_preferences","planned_draft","","Five panels, 1080x1350 each. Cover: What makes you read the next page?
1. A question you need answered?
2. A character you care about?
3. A sentence you want to read twice?
4. Tell us which one matters most to you.
5. Comment with one reason you keep reading.
Carousel implementation: combine the cover with item 1; use items 2-5 for panels 2-5. Single-card implementation: headline plus the three short lines; no carousel label."
"11","2026-09-11","x","20:30","card","en","Reader preferences","2609_d11_x_card_en_sprint2_pm_reader_preferences","planned_draft","","1080x1080 second original card. Use the evening caption's practical idea as the headline. Do not reuse the morning caption or image unchanged."
"11","2026-09-11","ig","20:45","story","en","Reader preferences","2609_d11_ig_story_en_sprint2_evening_reader_preferences","planned_draft","","Two 1080x1920 Story canvases, each containing an original rendered card. Frame 1: one useful detail from today's feed. Frame 2: the daily question or save/practice reminder. Do not show invented replies or counts. Localize this copy to en during review."
"12","2026-09-12","x","09:00","card","en","Week-one practice recap","2609_d12_x_card_en_sprint2_am_week_one_practice_recap","planned_draft","","1080x1080 original card. Hook: Three small ways to begin writing. Adapt it specifically to the morning caption; do not repeat the evening creative."
"12","2026-09-12","ig","12:30","story","en","Week-one practice recap","2609_d12_ig_story_en_sprint2_midday_week_one_practice_recap","planned_draft","","One 1080x1920 Story canvas with a rendered 1080x1080 card placed inside safe margins. Question: Which exercise should return? Poll choices if supported: Opening lines / Small gestures. No sticker automation workaround; otherwise use the question graphic."
"12","2026-09-12","ig","19:30","carousel","en","Week-one practice recap","2609_d12_ig_carousel_en_sprint2_main_week_one_practice_recap","planned_draft","","Five panels, 1080x1350 each. Cover: Three small ways to begin writing.
1. Start with a character who wants something.
2. Use a small action to suggest an emotion.
3. Change one detail in a familiar place.
4. Choose one exercise and spend five minutes on it.
5. Save this week's writing exercises.
Carousel implementation: combine the cover with item 1; use items 2-5 for panels 2-5. Single-card implementation: headline plus the three short lines; no carousel label."
"12","2026-09-12","x","20:30","card","en","Week-one practice recap","2609_d12_x_card_en_sprint2_pm_week_one_practice_recap","planned_draft","","1080x1080 second original card. Use the evening caption's practical idea as the headline. Do not reuse the morning caption or image unchanged."
"12","2026-09-12","ig","20:45","story","en","Week-one practice recap","2609_d12_ig_story_en_sprint2_evening_week_one_practice_recap","planned_draft","","Two 1080x1920 Story canvases, each containing an original rendered card. Frame 1: one useful detail from today's feed. Frame 2: the daily question or save/practice reminder. Do not show invented replies or counts. Localize this copy to en during review."
"13","2026-09-13","x","09:00","card","hi","Hindi dialogue challenge","2609_d13_x_card_hi_sprint2_am_hindi_dialogue_challenge","planned_draft","","1080x1080 original card. Hook: आज सिर्फ़ चार पंक्तियों का संवाद लिखिए। Adapt it specifically to the morning caption; do not repeat the evening creative."
"13","2026-09-13","ig","12:30","story","hi","Hindi dialogue challenge","2609_d13_ig_story_hi_sprint2_midday_hindi_dialogue_challenge","planned_draft","","One 1080x1920 Story canvas with a rendered 1080x1080 card placed inside safe margins. Question: संवाद का माहौल कैसा हो? Poll choices if supported: हल्का-फुल्का / रहस्यमय. No sticker automation workaround; otherwise use the question graphic."
"13","2026-09-13","ig","19:30","card","hi","Hindi dialogue challenge","2609_d13_ig_card_hi_sprint2_main_hindi_dialogue_challenge","planned_draft","","One 1080x1080 card. Cover: आज सिर्फ़ चार पंक्तियों का संवाद लिखिए।
1. दो लोग। एक खोई हुई चीज़।
2. कहानी को संवाद से आगे बढ़ाइए।
3. पहली पंक्ति क्या होगी?
Carousel implementation: combine the cover with item 1; use items 2-5 for panels 2-5. Single-card implementation: headline plus the three short lines; no carousel label."
"13","2026-09-13","x","20:30","card","hi","Hindi dialogue challenge","2609_d13_x_card_hi_sprint2_pm_hindi_dialogue_challenge","planned_draft","","1080x1080 second original card. Use the evening caption's practical idea as the headline. Do not reuse the morning caption or image unchanged."
"13","2026-09-13","ig","20:45","story","hi","Hindi dialogue challenge","2609_d13_ig_story_hi_sprint2_evening_hindi_dialogue_challenge","planned_draft","","Two 1080x1920 Story canvases, each containing an original rendered card. Frame 1: one useful detail from today's feed. Frame 2: the daily question or save/practice reminder. Do not show invented replies or counts. Localize this copy to hi during review."
"14","2026-09-14","x","09:00","card","en","Verified writing walkthrough","2609_d14_x_card_en_sprint2_am_verified_writing_walkthrough","planned_draft","","1080x1080 original card. Hook: From an idea to your next draft. Adapt it specifically to the morning caption; do not repeat the evening creative."
"14","2026-09-14","ig","12:30","story","en","Verified writing walkthrough","2609_d14_ig_story_en_sprint2_midday_verified_writing_walkthrough","planned_draft","","One 1080x1920 Story canvas with a rendered 1080x1080 card placed inside safe margins. Question: Where do you get stuck? Poll choices if supported: Starting / Editing. No sticker automation workaround; otherwise use the question graphic."
"14","2026-09-14","ig","19:30","carousel","en","Verified writing walkthrough","2609_d14_ig_carousel_en_sprint2_main_verified_writing_walkthrough","planned_draft","","Five panels, 1080x1350 each. Cover: From an idea to your next draft.
1. Start with a one-sentence idea.
2. Show the verified current route into the writing editor.
3. Show a new brand-owned draft; remove personal information.
4. Show the actual save/draft behavior after verifying it on the live release.
5. Explore writing on WritOn through the link in our bio.
Carousel implementation: combine the cover with item 1; use items 2-5 for panels 2-5. Single-card implementation: headline plus the three short lines; no carousel label."
"14","2026-09-14","x","20:30","card","en","Verified writing walkthrough","2609_d14_x_card_en_sprint2_pm_verified_writing_walkthrough","planned_draft","","1080x1080 second original card. Use the evening caption's practical idea as the headline. Do not reuse the morning caption or image unchanged."
"14","2026-09-14","ig","20:45","story","en","Verified writing walkthrough","2609_d14_ig_story_en_sprint2_evening_verified_writing_walkthrough","planned_draft","","Two 1080x1920 Story canvases, each containing an original rendered card. Frame 1: one useful detail from today's feed. Frame 2: one verified Android app link sticker; label the destination accurately. Do not show invented replies or counts. Localize this copy to en during review."
"15","2026-09-15","x","09:00","card","bn","Bengali unsent-letter prompt","2609_d15_x_card_bn_sprint2_am_bengali_unsent_letter_prompt","planned_draft","","1080x1080 original card. Hook: চিঠিটা লেখা হয়েছিল, কিন্তু পাঠানো হয়নি। Adapt it specifically to the morning caption; do not repeat the evening creative."
"15","2026-09-15","ig","12:30","story","bn","Bengali unsent-letter prompt","2609_d15_ig_story_bn_sprint2_midday_bengali_unsent_letter_prompt","planned_draft","","One 1080x1920 Story canvas with a rendered 1080x1080 card placed inside safe margins. Question: গল্পটা কোন দিকে যাক? Poll choices if supported: ফিরে দেখা / নতুন শুরু. No sticker automation workaround; otherwise use the question graphic."
"15","2026-09-15","ig","19:30","card","bn","Bengali unsent-letter prompt","2609_d15_ig_card_bn_sprint2_main_bengali_unsent_letter_prompt","planned_draft","","One 1080x1080 card. Cover: চিঠিটা লেখা হয়েছিল, কিন্তু পাঠানো হয়নি।
1. লেখার অনুশীলন
2. কেন চিঠিটা পাঠানো হয়নি?
3. পরের দুটি বাক্য লিখুন।
Carousel implementation: combine the cover with item 1; use items 2-5 for panels 2-5. Single-card implementation: headline plus the three short lines; no carousel label."
"15","2026-09-15","x","20:30","card","bn","Bengali unsent-letter prompt","2609_d15_x_card_bn_sprint2_pm_bengali_unsent_letter_prompt","planned_draft","","1080x1080 second original card. Use the evening caption's practical idea as the headline. Do not reuse the morning caption or image unchanged."
"15","2026-09-15","ig","20:45","story","bn","Bengali unsent-letter prompt","2609_d15_ig_story_bn_sprint2_evening_bengali_unsent_letter_prompt","planned_draft","","Two 1080x1920 Story canvases, each containing an original rendered card. Frame 1: one useful detail from today's feed. Frame 2: the daily question or save/practice reminder. Do not show invented replies or counts. Localize this copy to bn during review."
"16","2026-09-16","x","09:00","card","hi","Hindi sensory writing","2609_d16_x_card_hi_sprint2_am_hindi_sensory_writing","planned_draft","","1080x1080 original card. Hook: दृश्य को एक आवाज़ दीजिए। Adapt it specifically to the morning caption; do not repeat the evening creative."
"16","2026-09-16","ig","12:30","story","hi","Hindi sensory writing","2609_d16_ig_story_hi_sprint2_midday_hindi_sensory_writing","planned_draft","","One 1080x1920 Story canvas with a rendered 1080x1080 card placed inside safe margins. Question: दृश्य में क्या जोड़ेंगे? Poll choices if supported: बारिश की आवाज़ / कदमों की आहट. No sticker automation workaround; otherwise use the question graphic."
"16","2026-09-16","ig","19:30","carousel","hi","Hindi sensory writing","2609_d16_ig_carousel_hi_sprint2_main_hindi_sensory_writing","planned_draft","","Five panels, 1080x1350 each. Cover: दृश्य को एक आवाज़ दीजिए।
1. सिर्फ़ यह मत लिखिए: गली सुनसान थी।
2. WritOn का उदाहरण: बंद दुकानों के बीच एक ढीला शटर खड़क रहा था।
3. एक आवाज़ चुनिए।
4. उस आवाज़ से दृश्य का माहौल बदलिए।
5. अगले लेखन अभ्यास के लिए इसे सेव कीजिए।
Carousel implementation: combine the cover with item 1; use items 2-5 for panels 2-5. Single-card implementation: headline plus the three short lines; no carousel label."
"16","2026-09-16","x","20:30","card","hi","Hindi sensory writing","2609_d16_x_card_hi_sprint2_pm_hindi_sensory_writing","planned_draft","","1080x1080 second original card. Use the evening caption's practical idea as the headline. Do not reuse the morning caption or image unchanged."
"16","2026-09-16","ig","20:45","story","hi","Hindi sensory writing","2609_d16_ig_story_hi_sprint2_evening_hindi_sensory_writing","planned_draft","","Two 1080x1920 Story canvases, each containing an original rendered card. Frame 1: one useful detail from today's feed. Frame 2: the daily question or save/practice reminder. Do not show invented replies or counts. Localize this copy to hi during review."
"17","2026-09-17","x","09:00","card","en","One scene, two perspectives; optional verified author feature","2609_d17_x_card_en_sprint2_am_one_scene_two_perspectives","planned_draft","","1080x1080 original card. Hook: The same moment can tell two stories. Adapt it specifically to the morning caption; do not repeat the evening creative."
"17","2026-09-17","ig","12:30","story","en","One scene, two perspectives; optional verified author feature","2609_d17_ig_story_en_sprint2_midday_one_scene_two_perspectives","planned_draft","","One 1080x1920 Story canvas with a rendered 1080x1080 card placed inside safe margins. Question: Whose story comes first? Poll choices if supported: The person waiting / The late arrival. No sticker automation workaround; otherwise use the question graphic."
"17","2026-09-17","ig","19:30","carousel","en","One scene, two perspectives; optional verified author feature","2609_d17_ig_carousel_en_sprint2_main_one_scene_two_perspectives","planned_draft","","Five panels, 1080x1350 each. Cover: The same moment can tell two stories.
1. Imagine someone arriving late.
2. Write one line from the person who waited.
3. Write one line from the person who arrived.
4. Brand-written example: I kept the seat. / I nearly turned back.
5. Which perspective would you explore next?
Carousel implementation: combine the cover with item 1; use items 2-5 for panels 2-5. Single-card implementation: headline plus the three short lines; no carousel label."
"17","2026-09-17","x","20:30","card","en","One scene, two perspectives; optional verified author feature","2609_d17_x_card_en_sprint2_pm_one_scene_two_perspectives","planned_draft","","1080x1080 second original card. Use the evening caption's practical idea as the headline. Do not reuse the morning caption or image unchanged."
"17","2026-09-17","ig","20:45","story","en","One scene, two perspectives; optional verified author feature","2609_d17_ig_story_en_sprint2_evening_one_scene_two_perspectives","planned_draft","","Two 1080x1920 Story canvases, each containing an original rendered card. Frame 1: one useful detail from today's feed. Frame 2: the daily question or save/practice reminder. Do not show invented replies or counts. Localize this copy to en during review."
"18","2026-09-18","x","09:00","card","en","Find your next read","2609_d18_x_card_en_sprint2_am_find_your_next_read","planned_draft","","1080x1080 original card. Hook: Choose a mood for your next read. Adapt it specifically to the morning caption; do not repeat the evening creative."
"18","2026-09-18","ig","12:30","story","en","Find your next read","2609_d18_ig_story_en_sprint2_midday_find_your_next_read","planned_draft","","One 1080x1920 Story canvas with a rendered 1080x1080 card placed inside safe margins. Question: What would you read tonight? Poll choices if supported: Something hopeful / A mystery. No sticker automation workaround; otherwise use the question graphic."
"18","2026-09-18","ig","19:30","carousel","en","Find your next read","2609_d18_ig_carousel_en_sprint2_main_find_your_next_read","planned_draft","","Five panels, 1080x1350 each. Cover: Choose a mood for your next read.
1. Start with the language you want to read.
2. Choose a mood or subject you are curious about.
3. Show current, verified WritOn discovery screens.
4. Open a verified story or use a brand-owned demo with a visible Demo label.
5. Explore WritOn on Android through the link in our bio.
Carousel implementation: combine the cover with item 1; use items 2-5 for panels 2-5. Single-card implementation: headline plus the three short lines; no carousel label."
"18","2026-09-18","x","20:30","card","en","Find your next read","2609_d18_x_card_en_sprint2_pm_find_your_next_read","planned_draft","","1080x1080 second original card. Use the evening caption's practical idea as the headline. Do not reuse the morning caption or image unchanged."
"18","2026-09-18","ig","20:45","story","en","Find your next read","2609_d18_ig_story_en_sprint2_evening_find_your_next_read","planned_draft","","Two 1080x1920 Story canvases, each containing an original rendered card. Frame 1: one useful detail from today's feed. Frame 2: one verified Android app link sticker; label the destination accurately. Do not show invented replies or counts. Localize this copy to en during review."
"19","2026-09-19","x","09:00","card","hi","Two-week recap and next preference","2609_d19_x_card_hi_sprint2_am_two_week_recap_and_next_preference","planned_draft","","1080x1080 original card. Hook: अगली कहानी की शुरुआत किससे करें? Adapt it specifically to the morning caption; do not repeat the evening creative."
"19","2026-09-19","ig","12:30","story","hi","Two-week recap and next preference","2609_d19_ig_story_hi_sprint2_midday_two_week_recap_and_next_preference","planned_draft","","One 1080x1920 Story canvas with a rendered 1080x1080 card placed inside safe margins. Question: अगला अभ्यास क्या हो? Poll choices if supported: संवाद / कहानी की शुरुआत. No sticker automation workaround; otherwise use the question graphic."
"19","2026-09-19","ig","19:30","carousel","hi","Two-week recap and next preference","2609_d19_ig_carousel_hi_sprint2_main_two_week_recap_and_next_preference","planned_draft","","Five panels, 1080x1350 each. Cover: अगली कहानी की शुरुआत किससे करें?
1. एक दस्तक।
2. एक खोई हुई चीज़।
3. एक ऐसी आवाज़, जो चुप्पी तोड़ दे।
4. अपनी पसंद से दो पंक्तियाँ लिखिए।
5. अगले सप्ताह कौन-सा लेखन अभ्यास चाहेंगे?
Carousel implementation: combine the cover with item 1; use items 2-5 for panels 2-5. Single-card implementation: headline plus the three short lines; no carousel label."
"19","2026-09-19","x","20:30","card","hi","Two-week recap and next preference","2609_d19_x_card_hi_sprint2_pm_two_week_recap_and_next_preference","planned_draft","","1080x1080 second original card. Use the evening caption's practical idea as the headline. Do not reuse the morning caption or image unchanged."
"19","2026-09-19","ig","20:45","story","hi","Two-week recap and next preference","2609_d19_ig_story_hi_sprint2_evening_two_week_recap_and_next_preference","planned_draft","","Two 1080x1920 Story canvases, each containing an original rendered card. Frame 1: one useful detail from today's feed. Frame 2: the daily question or save/practice reminder. Do not show invented replies or counts. Localize this copy to hi during review."
"20","2026-09-20","ig","feed","post","en","Verified quotation","2609_d20_ig_post_en_verified_quotation","idea","",""
"20","2026-09-20","ig_story","story","story","en","Verified quotation","2609_d20_ig_story_story_en_verified_quotation","idea","",""
"20","2026-09-20","threads","feed","post","en","Verified quotation","2609_d20_threads_post_en_verified_quotation","idea","",""
"20","2026-09-20","x","feed","post","en","Verified quotation","2609_d20_x_post_en_verified_quotation","idea","",""
"20","2026-09-20","pin","feed","pin","en","Verified quotation","2609_d20_pin_pin_en_verified_quotation","idea","",""
"21","2026-09-21","ig","feed","post","hi","Micro-story challenge","2609_d21_ig_post_hi_micro_story_challeng","idea","",""
"21","2026-09-21","ig_story","story","story","hi","Micro-story challenge","2609_d21_ig_story_story_hi_micro_story_challeng","idea","",""
"21","2026-09-21","threads","feed","post","hi","Micro-story challenge","2609_d21_threads_post_hi_micro_story_challeng","idea","",""
"21","2026-09-21","x","feed","post","hi","Micro-story challenge","2609_d21_x_post_hi_micro_story_challeng","idea","",""
"21","2026-09-21","founder","feed","post","hi","Micro-story challenge","2609_d21_founder_post_hi_micro_story_challeng","idea","",""
"22","2026-09-22","ig","feed","post","mr","Profile/follow demo","2609_d22_ig_post_mr_profile_follow_demo","idea","",""
"22","2026-09-22","ig_story","story","story","mr","Profile/follow demo","2609_d22_ig_story_story_mr_profile_follow_demo","idea","",""
"22","2026-09-22","threads","feed","post","mr","Profile/follow demo","2609_d22_threads_post_mr_profile_follow_demo","idea","",""
"22","2026-09-22","x","feed","post","mr","Profile/follow demo","2609_d22_x_post_mr_profile_follow_demo","idea","",""
"22","2026-09-22","pin","feed","pin","mr","Profile/follow demo","2609_d22_pin_pin_mr_profile_follow_demo","idea","",""
"23","2026-09-23","ig","feed","post","hi","Verified excerpt","2609_d23_ig_post_hi_verified_excerpt","idea","",""
"23","2026-09-23","ig_story","story","story","hi","Verified excerpt","2609_d23_ig_story_story_hi_verified_excerpt","idea","",""
"23","2026-09-23","threads","feed","post","hi","Verified excerpt","2609_d23_threads_post_hi_verified_excerpt","idea","",""
"23","2026-09-23","x","feed","post","hi","Verified excerpt","2609_d23_x_post_hi_verified_excerpt","idea","",""
"23","2026-09-23","pin","feed","pin","hi","Verified excerpt","2609_d23_pin_pin_hi_verified_excerpt","idea","",""
"24","2026-09-24","ig","feed","post","bn","Verified quote/poem","2609_d24_ig_post_bn_verified_quote_poem","idea","",""
"24","2026-09-24","ig_story","story","story","bn","Verified quote/poem","2609_d24_ig_story_story_bn_verified_quote_poem","idea","",""
"24","2026-09-24","threads","feed","post","bn","Verified quote/poem","2609_d24_threads_post_bn_verified_quote_poem","idea","",""
"24","2026-09-24","x","feed","post","bn","Verified quote/poem","2609_d24_x_post_bn_verified_quote_poem","idea","",""
"24","2026-09-24","pin","feed","pin","bn","Verified quote/poem","2609_d24_pin_pin_bn_verified_quote_poem","idea","",""
"25","2026-09-25","ig","feed","post","en","Story sharing demo","2609_d25_ig_post_en_story_sharing_demo","idea","",""
"25","2026-09-25","ig_story","story","story","en","Story sharing demo","2609_d25_ig_story_story_en_story_sharing_demo","idea","",""
"25","2026-09-25","threads","feed","post","en","Story sharing demo","2609_d25_threads_post_en_story_sharing_demo","idea","",""
"25","2026-09-25","x","feed","post","en","Story sharing demo","2609_d25_x_post_en_story_sharing_demo","idea","",""
"26","2026-09-26","ig","feed","post","mr","Writing prompt","2609_d26_ig_post_mr_writing_prompt","idea","",""
"26","2026-09-26","ig_story","story","story","mr","Writing prompt","2609_d26_ig_story_story_mr_writing_prompt","idea","",""
"26","2026-09-26","threads","feed","post","mr","Writing prompt","2609_d26_threads_post_mr_writing_prompt","idea","",""
"26","2026-09-26","x","feed","post","mr","Writing prompt","2609_d26_x_post_mr_writing_prompt","idea","",""
"26","2026-09-26","pin","feed","pin","mr","Writing prompt","2609_d26_pin_pin_mr_writing_prompt","idea","",""
"27","2026-09-27","ig","feed","post","mr","Story spotlight","2609_d27_ig_post_mr_story_spotlight","idea","",""
"27","2026-09-27","ig_story","story","story","mr","Story spotlight","2609_d27_ig_story_story_mr_story_spotlight","idea","",""
"27","2026-09-27","threads","feed","post","mr","Story spotlight","2609_d27_threads_post_mr_story_spotlight","idea","",""
"27","2026-09-27","x","feed","post","mr","Story spotlight","2609_d27_x_post_mr_story_spotlight","idea","",""
"27","2026-09-27","pin","feed","pin","mr","Story spotlight","2609_d27_pin_pin_mr_story_spotlight","idea","",""
"28","2026-09-28","ig","feed","post","bn","Reader-choice carousel","2609_d28_ig_post_bn_reader_choice_carous","idea","",""
"28","2026-09-28","ig_story","story","story","bn","Reader-choice carousel","2609_d28_ig_story_story_bn_reader_choice_carous","idea","",""
"28","2026-09-28","threads","feed","post","bn","Reader-choice carousel","2609_d28_threads_post_bn_reader_choice_carous","idea","",""
"28","2026-09-28","x","feed","post","bn","Reader-choice carousel","2609_d28_x_post_bn_reader_choice_carous","idea","",""
"28","2026-09-28","pin","feed","pin","bn","Reader-choice carousel","2609_d28_pin_pin_bn_reader_choice_carous","idea","",""
"29","2026-09-29","ig","feed","post","en","Month's best recap","2609_d29_ig_post_en_month_s_best_recap","idea","",""
"29","2026-09-29","ig_story","story","story","en","Month's best recap","2609_d29_ig_story_story_en_month_s_best_recap","idea","",""
"29","2026-09-29","threads","feed","post","en","Month's best recap","2609_d29_threads_post_en_month_s_best_recap","idea","",""
"29","2026-09-29","x","feed","post","en","Month's best recap","2609_d29_x_post_en_month_s_best_recap","idea","",""
"29","2026-09-29","pin","feed","pin","en","Month's best recap","2609_d29_pin_pin_en_month_s_best_recap","idea","",""
"29","2026-09-29","founder","feed","post","en","Month's best recap","2609_d29_founder_post_en_month_s_best_recap","idea","",""
"30","2026-09-30","ig","feed","post","en","Thank-you and vote","2609_d30_ig_post_en_thank_you_and_vote","idea","",""
"30","2026-09-30","ig_story","story","story","en","Thank-you and vote","2609_d30_ig_story_story_en_thank_you_and_vote","idea","",""
"30","2026-09-30","threads","feed","post","en","Thank-you and vote","2609_d30_threads_post_en_thank_you_and_vote","idea","",""
"30","2026-09-30","x","feed","post","en","Thank-you and vote","2609_d30_x_post_en_thank_you_and_vote","idea","",""
