date,day_number,platform,post_url,delivery_id,impressions,reach,engagement,saves,shares,profile_visits,link_clicks,story_taps,ga4_first_opens,activations,notes
2026-09-01,1,ig,,,0,0,0,0,0,0,0,0,0,0,
2026-09-02,2,ig,,,0,0,0,0,0,0,0,0,0,0,
2026-09-03,3,ig,,,0,0,0,0,0,0,0,0,0,0,
2026-09-04,4,ig,,,0,0,0,0,0,0,0,0,0,0,
2026-09-05,5,ig,,,0,0,0,0,0,0,0,0,0,0,
2026-09-06,6,ig,,,0,0,0,0,0,0,0,0,0,0,
2026-09-07,7,ig,,,0,0,0,0,0,0,0,0,0,0,
2026-09-08,8,ig,,,0,0,0,0,0,0,0,0,0,0,
2026-09-09,9,ig,,,0,0,0,0,0,0,0,0,0,0,
2026-09-10,10,ig,,,0,0,0,0,0,0,0,0,0,0,
2026-09-11,11,ig,,,0,0,0,0,0,0,0,0,0,0,
2026-09-12,12,ig,,,0,0,0,0,0,0,0,0,0,0,
2026-09-13,13,ig,,,0,0,0,0,0,0,0,0,0,0,
2026-09-14,14,ig,,,0,0,0,0,0,0,0,0,0,0,
2026-09-15,15,ig,,,0,0,0,0,0,0,0,0,0,0,
2026-09-16,16,ig,,,0,0,0,0,0,0,0,0,0,0,
2026-09-17,17,ig,,,0,0,0,0,0,0,0,0,0,0,
2026-09-18,18,ig,,,0,0,0,0,0,0,0,0,0,0,
2026-09-19,19,ig,,,0,0,0,0,0,0,0,0,0,0,
2026-09-20,20,ig,,,0,0,0,0,0,0,0,0,0,0,
2026-09-21,21,ig,,,0,0,0,0,0,0,0,0,0,0,
2026-09-22,22,ig,,,0,0,0,0,0,0,0,0,0,0,
2026-09-23,23,ig,,,0,0,0,0,0,0,0,0,0,0,
2026-09-24,24,ig,,,0,0,0,0,0,0,0,0,0,0,
2026-09-25,25,ig,,,0,0,0,0,0,0,0,0,0,0,
2026-09-26,26,ig,,,0,0,0,0,0,0,0,0,0,0,
2026-09-27,27,ig,,,0,0,0,0,0,0,0,0,0,0,
2026-09-28,28,ig,,,0,0,0,0,0,0,0,0,0,0,
2026-09-29,29,ig,,,0,0,0,0,0,0,0,0,0,0,
2026-09-30,30,ig,,,0,0,0,0,0,0,0,0,0,0,
