id,publishAt,title,language,pattern,views_24h,views_48h,views_7d,viewed_vs_swiped_pct_48h,avg_percentage_viewed_48h,avg_view_duration_seconds_48h,likes_48h,comments_48h,subscribers_gained_48h,notes
short_01,2026-09-20T18:45:00+05:30,"Stop Writing ""She Realized"" #shorts",en,stop_writing,,,,,,,,,,
short_02,2026-09-21T18:45:00+05:30,"How to Write Jealousy Without Saying ""Jealous"" #shorts",en,how_to_without,,,,,,,,,,
short_03,2026-09-22T18:45:00+05:30,"""वह उदास था"" मत लिखिए #shorts",hi,hindi_craft,,,,,,,,,,
short_04,2026-09-23T18:45:00+05:30,"Stop Writing ""Suddenly"" #shorts",en,stop_writing,,,,,,,,,,
short_05,2026-09-24T18:45:00+05:30,Stop Describing Your Character in a Mirror #shorts,en,stop_writing,,,,,,,,,,
short_06,2026-09-25T18:45:00+05:30,"How to Write Guilt Without Saying ""Guilty"" #shorts",en,how_to_without,,,,,,,,,,
short_07,2026-09-26T18:45:00+05:30,"""गुस्से से कहा"" मत लिखिए #shorts",hi,hindi_craft,,,,,,,,,,
short_08,2026-09-27T18:45:00+05:30,"Stop Hunting Synonyms for ""Said"" #shorts",en,stop_writing,,,,,,,,,,
short_09,2026-09-28T18:45:00+05:30,"Stop Writing ""As You Know"" Dialogue #shorts",en,stop_writing,,,,,,,,,,
short_10,2026-09-29T18:45:00+05:30,"How to Write Exhaustion Without ""Tired"" #shorts",en,how_to_without,,,,,,,,,,
short_11,2026-09-30T18:45:00+05:30,डर को नाम मत दीजिए #shorts,hi,hindi_craft,,,,,,,,,,
short_12,2026-10-01T18:45:00+05:30,"How to Write a Lie Without Writing ""He Lied"" #shorts",en,how_to_without,,,,,,,,,,
short_13,2026-10-02T18:45:00+05:30,"Stop Writing ""She Wondered"" #shorts",en,stop_writing,,,,,,,,,,
short_14,2026-10-03T18:45:00+05:30,Stop Ending Scenes With the Moral #shorts,en,stop_writing,,,,,,,,,,
