id,sequence,publish_date_local,publish_time_local,timezone,publishAt,privacyStatus,scheduledToBecomePublic,madeForKids,video_file,language,pattern,playlist,title,thumbnail_text,flawed,fix,rule,description,hashtags
short_01,1,2026-09-20,18:45,Asia/Kolkata,2026-09-20T18:45:00+05:30,private,True,False,short_01.mp4,en,stop_writing,Writing Craft Fixes,"Stop Writing ""She Realized"" #shorts","STOP WRITING
“SHE REALIZED”",She realized he had never really loved her.,"She scrolled his contacts. Three years, and he still had her saved as 'Priya (work)'.",Don't announce the realization. Hand over the evidence.,"Don't announce the realization. Hand over the evidence.

More craft on WritOn: https://writon.cc

#shorts #writingcommunity #writingtips #writon",#shorts #writingcommunity #writingtips #writon
short_02,2,2026-09-21,18:45,Asia/Kolkata,2026-09-21T18:45:00+05:30,private,True,False,short_02.mp4,en,how_to_without,Write Feelings Without Naming Them,"How to Write Jealousy Without Saying ""Jealous"" #shorts","WRITE JEALOUSY
WITHOUT “JEALOUS”",She felt jealous when she saw Mira's promotion post.,"She liked Mira's post, unliked it, then liked it again.",Jealousy is attention you never meant to pay.,"Jealousy is attention you never meant to pay.

More craft on WritOn: https://writon.cc

#shorts #writingcommunity #writingtips #writon",#shorts #writingcommunity #writingtips #writon
short_03,3,2026-09-22,18:45,Asia/Kolkata,2026-09-22T18:45:00+05:30,private,True,False,short_03.mp4,hi,hindi_craft,हिन्दी लेखन के छोटे नियम,"""वह उदास था"" मत लिखिए #shorts","“वह उदास था”
मत लिखिए",वह बहुत उदास था।,उसने चाय बनाई और ठंडी होने तक उसे देखता रहा।,"उदासी को नाम नहीं, हरकत दीजिए।","उदासी को नाम नहीं, हरकत दीजिए।

More craft on WritOn: https://writon.cc

#shorts #hindwriting #लेखन #writon",#shorts #hindwriting #लेखन #writon
short_04,4,2026-09-23,18:45,Asia/Kolkata,2026-09-23T18:45:00+05:30,private,True,False,short_04.mp4,en,stop_writing,Writing Craft Fixes,"Stop Writing ""Suddenly"" #shorts","STOP WRITING
“SUDDENLY”","Suddenly, the phone rang.",She had one hand on the tap when the phone rang.,Surprise lives in placement. Put the event last.,"Surprise lives in placement. Put the event last.

More craft on WritOn: https://writon.cc

#shorts #writingcommunity #writingtips #writon",#shorts #writingcommunity #writingtips #writon
short_05,5,2026-09-24,18:45,Asia/Kolkata,2026-09-24T18:45:00+05:30,private,True,False,short_05.mp4,en,stop_writing,Writing Craft Fixes,Stop Describing Your Character in a Mirror #shorts,"STOP THE
MIRROR DESCRIPTION","She looked in the mirror. Brown eyes, long hair, a small scar on her chin.","She pressed a thumb over the scar on her chin, the way she had since the fall.","Describe with a gesture, not a checklist.","Describe with a gesture, not a checklist.

More craft on WritOn: https://writon.cc

#shorts #writingcommunity #writingtips #writon",#shorts #writingcommunity #writingtips #writon
short_06,6,2026-09-25,18:45,Asia/Kolkata,2026-09-25T18:45:00+05:30,private,True,False,short_06.mp4,en,how_to_without,Write Feelings Without Naming Them,"How to Write Guilt Without Saying ""Guilty"" #shorts","WRITE GUILT
WITHOUT “GUILTY”",He felt guilty about forgetting her birthday.,He typed 'Happy belated—' and turned the phone face-down.,Guilt avoids. Show what the character won't look at.,"Guilt avoids. Show what the character won't look at.

More craft on WritOn: https://writon.cc

#shorts #writingcommunity #writingtips #writon",#shorts #writingcommunity #writingtips #writon
short_07,7,2026-09-26,18:45,Asia/Kolkata,2026-09-26T18:45:00+05:30,private,True,False,short_07.mp4,hi,hindi_craft,हिन्दी लेखन के छोटे नियम,"""गुस्से से कहा"" मत लिखिए #shorts","“गुस्से से कहा”
मत लिखिए",'चले जाओ!' उसने गुस्से से कहा।,'चले जाओ।' उसने दरवाज़ा खोला और हैंडल पकड़े खड़ी रही।,"शब्द बोलते हैं, हाथ सच बताते हैं।","शब्द बोलते हैं, हाथ सच बताते हैं।

More craft on WritOn: https://writon.cc

#shorts #hindwriting #लेखन #writon",#shorts #hindwriting #लेखन #writon
short_08,8,2026-09-27,18:45,Asia/Kolkata,2026-09-27T18:45:00+05:30,private,True,False,short_08.mp4,en,stop_writing,Writing Craft Fixes,"Stop Hunting Synonyms for ""Said"" #shorts","STOP HUNTING
SYNONYMS FOR “SAID”","'I'm fine,' she exclaimed defensively.",'I'm fine.' She wiped the clean counter again.,"""Said"" disappears. A beat of action stays.","""Said"" disappears. A beat of action stays.

More craft on WritOn: https://writon.cc

#shorts #writingcommunity #writingtips #writon",#shorts #writingcommunity #writingtips #writon
short_09,9,2026-09-28,18:45,Asia/Kolkata,2026-09-28T18:45:00+05:30,private,True,False,short_09.mp4,en,stop_writing,Writing Craft Fixes,"Stop Writing ""As You Know"" Dialogue #shorts","STOP WRITING
“AS YOU KNOW”","'As you know, Dad, since Mom died three years ago, we've run the shop alone.'",'You still hang her apron there.' 'It's where it goes.',Characters never explain what both already know.,"Characters never explain what both already know.

More craft on WritOn: https://writon.cc

#shorts #writingcommunity #writingtips #writon",#shorts #writingcommunity #writingtips #writon
short_10,10,2026-09-29,18:45,Asia/Kolkata,2026-09-29T18:45:00+05:30,private,True,False,short_10.mp4,en,how_to_without,Write Feelings Without Naming Them,"How to Write Exhaustion Without ""Tired"" #shorts","WRITE EXHAUSTION
WITHOUT “TIRED”",She was so tired she couldn't think straight.,She read the same email three times and still couldn't say who sent it.,Exhaustion shrinks the world to one unfinished task.,"Exhaustion shrinks the world to one unfinished task.

More craft on WritOn: https://writon.cc

#shorts #writingcommunity #writingtips #writon",#shorts #writingcommunity #writingtips #writon
short_11,11,2026-09-30,18:45,Asia/Kolkata,2026-09-30T18:45:00+05:30,private,True,False,short_11.mp4,hi,hindi_craft,हिन्दी लेखन के छोटे नियम,डर को नाम मत दीजिए #shorts,"डर को नाम
मत दीजिए",उसे बहुत डर लग रहा था।,उसने दरवाज़े की कुंडी दो बार जाँची।,डर गिनती करता है।,"डर गिनती करता है।

More craft on WritOn: https://writon.cc

#shorts #hindwriting #लेखन #writon",#shorts #hindwriting #लेखन #writon
short_12,12,2026-10-01,18:45,Asia/Kolkata,2026-10-01T18:45:00+05:30,private,True,False,short_12.mp4,en,how_to_without,Write Feelings Without Naming Them,"How to Write a Lie Without Writing ""He Lied"" #shorts","WRITE A LIE
WITHOUT “HE LIED”",He lied about where he had been.,"'I was at Ravi's. Tea, third floor, the lift was broken.'",Liars add details nobody asked for.,"Liars add details nobody asked for.

More craft on WritOn: https://writon.cc

#shorts #writingcommunity #writingtips #writon",#shorts #writingcommunity #writingtips #writon
short_13,13,2026-10-02,18:45,Asia/Kolkata,2026-10-02T18:45:00+05:30,private,True,False,short_13.mp4,en,stop_writing,Writing Craft Fixes,"Stop Writing ""She Wondered"" #shorts","STOP WRITING
“SHE WONDERED”",She wondered if he would ever come back.,She left the porch light on. Again.,A question in the head is a filter. A porch light is a scene.,"A question in the head is a filter. A porch light is a scene.

More craft on WritOn: https://writon.cc

#shorts #writingcommunity #writingtips #writon",#shorts #writingcommunity #writingtips #writon
short_14,14,2026-10-03,18:45,Asia/Kolkata,2026-10-03T18:45:00+05:30,private,True,False,short_14.mp4,en,stop_writing,Writing Craft Fixes,Stop Ending Scenes With the Moral #shorts,"DON’T END WITH
THE MORAL",She learned that some doors are better left closed.,She closed the door and left the key in it.,End on the image. The reader will supply the moral.,"End on the image. The reader will supply the moral.

More craft on WritOn: https://writon.cc

#shorts #writingcommunity #writingtips #writon",#shorts #writingcommunity #writingtips #writon
