Language,Title,Short Description,Full Description
en-US,WritOn: Story Writing & Reads,"Read and write inspiring stories, poems, and blogs in a creative community.","WritOn is a modern creative writing and reading platform crafted for thinkers, storytellers, poets, and avid readers worldwide. Whether you want to write your first short story, publish thoughtful essays, craft poetry, or read captivating narratives, WritOn provides a clean, distraction-free creative home.

✨ WHAT MAKES WRITON DIFFERENT?

📖 Read Captivating Stories & Articles
• Explore thousands of original short stories, poems, essays, thought pieces, and personal blogs.
• Clean, customizable reading experience with custom font sizing, line spacing, and elegant Dark Mode.
• Personalized feed tailored to your reading interests and favorite genres.

✍️ Distraction-Free Creative Writing Studio
• Minimalist, high-performance editor designed to keep you focused on your words.
• Support for drafts, instant publishing, custom tags, and genre categorization.
• Write freely knowing your drafts are safely saved offline and synced seamlessly across devices.

🌍 Read & Write in 6+ Languages
• Immerse yourself in stories and poetry across English, Hindi (हिन्दी), Spanish (Español), French (Français), Bengali (বাংলা), and Marathi (मराठी).
• Switch UI languages instantly with native localization.

🤝 Join a Thriving Creative Community
• Connect with authors and passionate readers from all over the world.
• Leave thoughtful applauds, share feedback, bookmark favorites, and follow your favorite creators.
• Discover emerging voices across fiction, romance, thriller, poetry, shayari, and philosophy.

⚡ Offline First & Lightning Fast
• Enjoy uninterrupted reading anywhere — even without an internet connection.
• Built with modern Android architecture for buttery-smooth performance and low battery usage.

🌟 KEY FEATURES:
• 100% Free to read, write, and explore
• Distraction-free typography and Reader Mode
• Dark & Light theme with dynamic system styling
• Offline reading library & reading history
• Seamless bookmarking and story sharing
• Daily inspiration, prompts, and diverse categories

Join the WritOn community today. Read. Reflect. Rise.

Have feedback or feature requests? Reach out to us at help@writon.co
Website: https://writon.co"
hi-IN,WritOn: कहानियाँ और लेखन,"कहानियाँ, कविताएँ और शायरी पढ़ें व लिखें एक रचनात्मक समुदाय के साथ।","WritOn विचारकों, कहानीकारों, कवियों और उत्साही पाठकों के लिए बनाया गया एक आधुनिक रचनात्मक लेखन और पठन मंच है। चाहे आप अपनी पहली लघु कहानी लिखना चाहते हों, विचारशील निबंध प्रकाशित करना चाहते हों, कविता लिखना चाहते हों, या मनोरम कहानियाँ पढ़ना चाहते हों, WritOn आपको एक साफ़ और शांत रचनात्मक स्थान प्रदान करता है।

✨ WritOn को क्या खास बनाता है?

📖 मनमोहक कहानियाँ और कविताएँ पढ़ें
• हज़ारों मौलिक लघु कहानियाँ, कविताएँ, शायरी, निबंध और व्यक्तिगत ब्लॉग पढ़ें।
• कस्टमाइज़ करने योग्य रीडिंग मोड और खूबसूरत डार्क मोड।
• आपकी पसंद और पसंदीदा शैलियों के अनुसार व्यक्तिगत फ़ीड।

✍️ डिस्ट्रैक्शन-फ्री राइटिंग स्टूडियो
• बिना किसी भटकाव के लिखने के लिए साफ़ और तेज़ एडिटर।
• ड्राफ्ट्स, तुरंत पब्लिशिंग, कस्टम टैग और कैटेगरी सपोर्ट।
• ऑफलाइन ड्राफ्ट सेविंग और सभी डिवाइस पर ऑटो-सिंक।

🌍 6+ भाषाओं में उपलब्ध
• हिंदी (हिन्दी), अंग्रेज़ी, मराठी (मराठी), बंगाली (বাংলা), स्पैनिश (Español) और फ्रेंच (Français) में आसानी से पढ़ें और लिखें।

🤝 रचनात्मक समुदाय से जुड़ें
• दुनिया भर के लेखकों और पाठकों से जुड़ें।
• तालियाँ (Applauds) दें, फीडबैक साझा करें और अपने पसंदीदा लेखकों को फॉलो करें।

⚡ ऑफलाइन और सुपरफास्ट
• बिना इंटरनेट के भी अपनी पसंदीदा कहानियाँ पढ़ें।
• तेज़ और स्मूथ अनुभव।

आज ही WritOn समुदाय से जुड़ें। Read. Reflect. Rise.
सपोर्ट: help@writon.co | वेबसाइट: https://writon.co"
es-419,WritOn: Historias y Lectura,"Lee y escribe historias, poemas y blogs en una comunidad creativa.","WritOn es una moderna plataforma de lectura y escritura creativa diseñada para pensadores, narradores, poetas y lectores apasionados de todo el mundo. Ya sea que quieras escribir tu primer relato corto, publicar ensayos, escribir poesía o leer narrativas fascinantes, WritOn te ofrece un hogar creativo limpio y sin distracciones.

✨ ¿QUÉ HACE DIFERENTE A WRITON?

📖 Lee Historias y Artículos Cautivadores
• Explora miles de relatos cortos, poemas, ensayos y blogs personales.
• Experiencia de lectura personalizable con Modo Oscuro elegante.
• Feed personalizado según tus intereses literarios.

✍️ Estudio de Escritura Sin Distracciones
• Editor minimalista de alto rendimiento para concentrarte en tus palabras.
• Soporte para borradores, publicación instantánea y etiquetas personalizadas.
• Guardado sin conexión y sincronización automática.

🌍 Disponible en más de 6 Idiomas
• Lee y escribe en español, inglés, francés, hindi, bengalí y maratí.

🤝 Únete a una Comunidad Creativa
• Conecta con autores y lectores de todo el mundo.
• Deja aplausos, comentarios y sigue a tus creadores favoritos.

⚡ Modo Offline y Súper Rápido
• Lee tus historias guardadas sin conexión a internet.

Únete a WritOn hoy. Read. Reflect. Rise.
Contacto: help@writon.co | Web: https://writon.co"
fr-FR,WritOn : Histoires & Écriture,"Lisez et écrivez des histoires, poèmes et blogs dans une communauté créative.","WritOn est une plateforme moderne d'écriture et de lecture créative conçue pour les penseurs, conteurs, poètes et lecteurs passionnés du monde entier. Que vous souhaitiez rédiger votre première nouvelle, publier des essais, écrire de la poésie ou lire des récits captivants, WritOn vous offre un espace créatif épuré et sans distraction.

✨ CE QUI REND WRITON UNIQUE :

📖 Lisez des Histoires Captivantes
• Découvrez des milliers de nouvelles, poèmes, essais et blogs originaux.
• Lecture confortable avec Mode Sombre et typographie soignée.

✍️ Studio d'Écriture Épuré
• Éditeur minimaliste et performant pour rester concentré sur vos mots.
• Gestion des brouillons, publication instantanée et tags personnalisés.
• Sauvegarde hors-ligne et synchronisation continue.

🌍 Multilingue (6+ Langues)
• Lisez et écrivez en français, anglais, espagnol, hindi, bengali et marathi.

⚡ Rapide et Fonctionne Hors-Ligne
• Profitez de vos lectures où que vous soyez, même sans connexion internet.

Rejoignez la communauté WritOn dès aujourd'hui !
Support : help@writon.co | Site : https://writon.co"
bn-IN,WritOn: গল্প পড়া ও লেখা,"অনুপ্রেরণামূলক গল্প, কবিতা ও ব্লগ পড়ুন এবং লিখুন এক সৃজনশীল কমিউনিটিতে।","WritOn হলো একটি আধুনিক সৃজনশীল লেখা ও পড়ার প্ল্যাটফর্ম যা চিন্তাবিদ, গল্পকার, কবি এবং পাঠকদের জন্য তৈরি। আপনি যদি আপনার প্রথম ছোট গল্প লিখতে চান, প্রবন্ধ বা কবিতা প্রকাশ করতে চান, কিংবা মনমুগ্ধকর গল্প পড়তে চান, WritOn আপনাকে দিচ্ছে এক পরিচ্ছন্ন ও নিরবচ্ছিন্ন অভিজ্ঞতা।

✨ WritOn-এর বৈশিষ্ট্যসমূহ:

📖 আকর্ষণীয় গল্প ও কবিতা পড়ুন
• হাজার হাজার মৌলিক ছোটগল্প, কবিতা, প্রবন্ধ ও ব্যক্তিগত ব্লগ পড়ুন।
• ডার্ক মোড এবং কাস্টম ফন্ট সাইজ সহ আরামদায়ক পড়ার সুবিধা।

✍️ আধুনিক রাইটিং স্টুডিও
• মনোযোগ সহকারে লেখার জন্য সহজ ও পরিষ্কার এডিটর।
• ড্রাফট সেভ, তাৎক্ষণিক প্রকাশনা এবং ক্যাটাগরি সাপোর্ট।
• অফলাইন ড্রাফট সেভ এবং স্বয়ংক্রিয় সিঙ্ক।

🌍 ৬+ ভাষায় পড়ার সুবিধা
• বাংলা (বাংলা), হিন্দি, ইংরেজি, মারাঠি, স্প্যানিশ এবং ফ্রেঞ্চ ভাষায় পড়ুন ও লিখুন।

⚡ দ্রুতগতি ও অফলাইন সুবিধা
• ইন্টারনেট ছাড়াও সংরক্ষিত গল্প পড়ুন যেকোনো সময়।

আজই WritOn কমিউনিটিতে যোগ দিন!
সহায়তা: help@writon.co | ওয়েবসাইট: https://writon.co"
mr-IN,WritOn: कथा वाचन आणि लेखन,"प्रेरणादायी कथा, कविता आणि ब्लॉग वाचा व लिहा एका सर्जनशील समुदायात.","WritOn हे लेखक, विचारवंत, कवी आणि वाचकांसाठी तयार केलेले एक आधुनिक सर्जनशील वाचन आणि लेखन प्लॅटफॉर्म आहे. तुम्हाला पहिली लघुकथा लिहायची असो, विचारप्रवर्तक लेख प्रकाशित करायचे असोत, कविता लिहायची असो किंवा उत्कंठावर्धक कथा वाचायच्या असोत, WritOn तुम्हाला एक शांत आणि सुंदर अनुभव देते.

✨ WritOn ची वैशिष्ट्ये:

📖 उत्कृष्ट कथा आणि कविता वाचा
• हजारो मूळ लघुकथा, कविता, शायरी, लेख आणि वैयक्तिक ब्लॉग वाचा.
• डार्क मोडसह डोळ्यांना सुखद असा वाचनाचा अनुभव.

✍️ डिस्ट्रॅक्शन-फ्री रायटिंग स्टुडिओ
• मन लावून लिहिण्यासाठी स्वच्छ आणि वेगवान एडिटर.
• ड्राफ्ट सेव्ह करणे आणि एका क्लिकवर पब्लिश करणे.
• ऑफलाइन ड्राफ्ट सेव्हिंग आणि ऑटो-सिंक सुविधा.

🌍 6+ भाषांमध्ये उपलब्ध
• मराठी (मराठी), हिंदी, इंग्रजी, बंगाली, स्पॅनिश आणि फ्रेंचमध्ये सहजपणे वाचा आणि लिहा.

⚡ वेगवान आणि ऑफलाइन मोड
• इंटरनेट कनेक्शन नसतानाही तुमच्या आवडत्या कथा वाचा.

आजच WritOn समुदायाचा भाग बना!
संपर्क: help@writon.co | वेबसाईट: https://writon.co"
